
===========================================================================
report_checks -unconstrained
===========================================================================
======================= Typical Corner ===================================

Startpoint: A2[0] (input port clocked by CLK)
Endpoint: result[30] (output port clocked by CLK)
Path Group: CLK
Path Type: max

Fanout     Cap    Slew   Delay    Time   Description
-----------------------------------------------------------------------------
                  0.15    0.00    0.00   clock CLK (rise edge)
                          0.00    0.00   clock network delay (ideal)
                          2.00    2.00 ^ input external delay
     4    0.02    0.11    0.08    2.08 ^ A2[0] (in)
                                         A2[0] (net)
                  0.11    0.00    2.08 ^ _4237_/A (sky130_fd_sc_hd__buf_1)
    10    0.06    0.75    0.61    2.69 ^ _4237_/X (sky130_fd_sc_hd__buf_1)
                                         _1026_ (net)
                  0.75    0.00    2.69 ^ _4261_/A (sky130_fd_sc_hd__buf_1)
    10    0.07    0.84    0.74    3.44 ^ _4261_/X (sky130_fd_sc_hd__buf_1)
                                         _1050_ (net)
                  0.84    0.00    3.44 ^ _4262_/A (sky130_fd_sc_hd__buf_1)
    10    0.07    0.80    0.71    4.15 ^ _4262_/X (sky130_fd_sc_hd__buf_1)
                                         _1051_ (net)
                  0.80    0.00    4.16 ^ _4345_/A (sky130_fd_sc_hd__buf_1)
    10    0.08    0.89    0.78    4.93 ^ _4345_/X (sky130_fd_sc_hd__buf_1)
                                         _1134_ (net)
                  0.89    0.00    4.94 ^ _4386_/A (sky130_fd_sc_hd__buf_1)
    10    0.06    0.72    0.65    5.58 ^ _4386_/X (sky130_fd_sc_hd__buf_1)
                                         _1175_ (net)
                  0.72    0.01    5.59 ^ _4484_/A (sky130_fd_sc_hd__buf_1)
    10    0.07    0.79    0.71    6.30 ^ _4484_/X (sky130_fd_sc_hd__buf_1)
                                         _1273_ (net)
                  0.79    0.00    6.30 ^ _4485_/A (sky130_fd_sc_hd__buf_1)
    10    0.07    0.83    0.73    7.03 ^ _4485_/X (sky130_fd_sc_hd__buf_1)
                                         _1274_ (net)
                  0.83    0.00    7.03 ^ _4491_/S0 (sky130_fd_sc_hd__mux4_2)
     1    0.00    0.08    0.62    7.65 v _4491_/X (sky130_fd_sc_hd__mux4_2)
                                         _1280_ (net)
                  0.08    0.00    7.65 v _4494_/A3 (sky130_fd_sc_hd__mux4_2)
     1    0.00    0.08    0.49    8.14 v _4494_/X (sky130_fd_sc_hd__mux4_2)
                                         _1283_ (net)
                  0.08    0.00    8.14 v _4504_/A2_N (sky130_fd_sc_hd__o2bb2a_2)
     4    0.03    0.18    0.37    8.52 ^ _4504_/X (sky130_fd_sc_hd__o2bb2a_2)
                                         _1293_ (net)
                  0.18    0.00    8.52 ^ _4660_/A (sky130_fd_sc_hd__nand4_2)
     1    0.00    0.07    0.08    8.60 v _4660_/Y (sky130_fd_sc_hd__nand4_2)
                                         _1449_ (net)
                  0.07    0.00    8.60 v _4794_/C (sky130_fd_sc_hd__or4_2)
     4    0.01    0.14    0.71    9.31 v _4794_/X (sky130_fd_sc_hd__or4_2)
                                         _1583_ (net)
                  0.14    0.00    9.31 v _4860_/A (sky130_fd_sc_hd__buf_1)
    10    0.03    0.17    0.25    9.56 v _4860_/X (sky130_fd_sc_hd__buf_1)
                                         _1649_ (net)
                  0.17    0.00    9.56 v _5044_/A (sky130_fd_sc_hd__buf_1)
    10    0.04    0.25    0.32    9.89 v _5044_/X (sky130_fd_sc_hd__buf_1)
                                         _1833_ (net)
                  0.25    0.00    9.89 v _5106_/A (sky130_fd_sc_hd__buf_1)
    10    0.05    0.29    0.38   10.27 v _5106_/X (sky130_fd_sc_hd__buf_1)
                                         _1895_ (net)
                  0.29    0.00   10.28 v _5369_/A1 (sky130_fd_sc_hd__o21ai_2)
     2    0.01    0.17    0.28   10.55 ^ _5369_/Y (sky130_fd_sc_hd__o21ai_2)
                                         _2158_ (net)
                  0.17    0.00   10.55 ^ _5947_/B (sky130_fd_sc_hd__nand2_2)
     3    0.01    0.06    0.09   10.64 v _5947_/Y (sky130_fd_sc_hd__nand2_2)
                                         _2720_ (net)
                  0.06    0.00   10.64 v _5984_/A0 (sky130_fd_sc_hd__mux2_2)
     2    0.01    0.06    0.29   10.93 v _5984_/X (sky130_fd_sc_hd__mux2_2)
                                         _2755_ (net)
                  0.06    0.00   10.93 v _6055_/A0 (sky130_fd_sc_hd__mux2_2)
     2    0.01    0.06    0.28   11.21 v _6055_/X (sky130_fd_sc_hd__mux2_2)
                                         _2822_ (net)
                  0.06    0.00   11.21 v _6189_/A2 (sky130_fd_sc_hd__a22o_2)
     1    0.00    0.04    0.26   11.47 v _6189_/X (sky130_fd_sc_hd__a22o_2)
                                         _2948_ (net)
                  0.04    0.00   11.47 v _6192_/B (sky130_fd_sc_hd__or3b_2)
     1    0.00    0.08    0.46   11.93 v _6192_/X (sky130_fd_sc_hd__or3b_2)
                                         _2951_ (net)
                  0.08    0.00   11.93 v _6200_/A1_N (sky130_fd_sc_hd__o2bb2a_2)
     1    0.04    0.21    0.41   12.34 ^ _6200_/X (sky130_fd_sc_hd__o2bb2a_2)
                                         result[30] (net)
                  0.21    0.00   12.35 ^ result[30] (out)
                                 12.35   data arrival time

                  0.15   10.00   10.00   clock CLK (rise edge)
                          0.00   10.00   clock network delay (ideal)
                         -0.25    9.75   clock uncertainty
                          0.00    9.75   clock reconvergence pessimism
                         -2.00    7.75   output external delay
                                  7.75   data required time
-----------------------------------------------------------------------------
                                  7.75   data required time
                                -12.35   data arrival time
-----------------------------------------------------------------------------
                                 -4.60   slack (VIOLATED)




===========================================================================
report_checks --slack_max -0.01
============================================================================
======================= Typical Corner ===================================

Startpoint: A2[0] (input port clocked by CLK)
Endpoint: result[30] (output port clocked by CLK)
Path Group: CLK
Path Type: max

Fanout     Cap    Slew   Delay    Time   Description
-----------------------------------------------------------------------------
                  0.15    0.00    0.00   clock CLK (rise edge)
                          0.00    0.00   clock network delay (ideal)
                          2.00    2.00 ^ input external delay
     4    0.02    0.11    0.08    2.08 ^ A2[0] (in)
                                         A2[0] (net)
                  0.11    0.00    2.08 ^ _4237_/A (sky130_fd_sc_hd__buf_1)
    10    0.06    0.75    0.61    2.69 ^ _4237_/X (sky130_fd_sc_hd__buf_1)
                                         _1026_ (net)
                  0.75    0.00    2.69 ^ _4261_/A (sky130_fd_sc_hd__buf_1)
    10    0.07    0.84    0.74    3.44 ^ _4261_/X (sky130_fd_sc_hd__buf_1)
                                         _1050_ (net)
                  0.84    0.00    3.44 ^ _4262_/A (sky130_fd_sc_hd__buf_1)
    10    0.07    0.80    0.71    4.15 ^ _4262_/X (sky130_fd_sc_hd__buf_1)
                                         _1051_ (net)
                  0.80    0.00    4.16 ^ _4345_/A (sky130_fd_sc_hd__buf_1)
    10    0.08    0.89    0.78    4.93 ^ _4345_/X (sky130_fd_sc_hd__buf_1)
                                         _1134_ (net)
                  0.89    0.00    4.94 ^ _4386_/A (sky130_fd_sc_hd__buf_1)
    10    0.06    0.72    0.65    5.58 ^ _4386_/X (sky130_fd_sc_hd__buf_1)
                                         _1175_ (net)
                  0.72    0.01    5.59 ^ _4484_/A (sky130_fd_sc_hd__buf_1)
    10    0.07    0.79    0.71    6.30 ^ _4484_/X (sky130_fd_sc_hd__buf_1)
                                         _1273_ (net)
                  0.79    0.00    6.30 ^ _4485_/A (sky130_fd_sc_hd__buf_1)
    10    0.07    0.83    0.73    7.03 ^ _4485_/X (sky130_fd_sc_hd__buf_1)
                                         _1274_ (net)
                  0.83    0.00    7.03 ^ _4491_/S0 (sky130_fd_sc_hd__mux4_2)
     1    0.00    0.08    0.62    7.65 v _4491_/X (sky130_fd_sc_hd__mux4_2)
                                         _1280_ (net)
                  0.08    0.00    7.65 v _4494_/A3 (sky130_fd_sc_hd__mux4_2)
     1    0.00    0.08    0.49    8.14 v _4494_/X (sky130_fd_sc_hd__mux4_2)
                                         _1283_ (net)
                  0.08    0.00    8.14 v _4504_/A2_N (sky130_fd_sc_hd__o2bb2a_2)
     4    0.03    0.18    0.37    8.52 ^ _4504_/X (sky130_fd_sc_hd__o2bb2a_2)
                                         _1293_ (net)
                  0.18    0.00    8.52 ^ _4660_/A (sky130_fd_sc_hd__nand4_2)
     1    0.00    0.07    0.08    8.60 v _4660_/Y (sky130_fd_sc_hd__nand4_2)
                                         _1449_ (net)
                  0.07    0.00    8.60 v _4794_/C (sky130_fd_sc_hd__or4_2)
     4    0.01    0.14    0.71    9.31 v _4794_/X (sky130_fd_sc_hd__or4_2)
                                         _1583_ (net)
                  0.14    0.00    9.31 v _4860_/A (sky130_fd_sc_hd__buf_1)
    10    0.03    0.17    0.25    9.56 v _4860_/X (sky130_fd_sc_hd__buf_1)
                                         _1649_ (net)
                  0.17    0.00    9.56 v _5044_/A (sky130_fd_sc_hd__buf_1)
    10    0.04    0.25    0.32    9.89 v _5044_/X (sky130_fd_sc_hd__buf_1)
                                         _1833_ (net)
                  0.25    0.00    9.89 v _5106_/A (sky130_fd_sc_hd__buf_1)
    10    0.05    0.29    0.38   10.27 v _5106_/X (sky130_fd_sc_hd__buf_1)
                                         _1895_ (net)
                  0.29    0.00   10.28 v _5369_/A1 (sky130_fd_sc_hd__o21ai_2)
     2    0.01    0.17    0.28   10.55 ^ _5369_/Y (sky130_fd_sc_hd__o21ai_2)
                                         _2158_ (net)
                  0.17    0.00   10.55 ^ _5947_/B (sky130_fd_sc_hd__nand2_2)
     3    0.01    0.06    0.09   10.64 v _5947_/Y (sky130_fd_sc_hd__nand2_2)
                                         _2720_ (net)
                  0.06    0.00   10.64 v _5984_/A0 (sky130_fd_sc_hd__mux2_2)
     2    0.01    0.06    0.29   10.93 v _5984_/X (sky130_fd_sc_hd__mux2_2)
                                         _2755_ (net)
                  0.06    0.00   10.93 v _6055_/A0 (sky130_fd_sc_hd__mux2_2)
     2    0.01    0.06    0.28   11.21 v _6055_/X (sky130_fd_sc_hd__mux2_2)
                                         _2822_ (net)
                  0.06    0.00   11.21 v _6189_/A2 (sky130_fd_sc_hd__a22o_2)
     1    0.00    0.04    0.26   11.47 v _6189_/X (sky130_fd_sc_hd__a22o_2)
                                         _2948_ (net)
                  0.04    0.00   11.47 v _6192_/B (sky130_fd_sc_hd__or3b_2)
     1    0.00    0.08    0.46   11.93 v _6192_/X (sky130_fd_sc_hd__or3b_2)
                                         _2951_ (net)
                  0.08    0.00   11.93 v _6200_/A1_N (sky130_fd_sc_hd__o2bb2a_2)
     1    0.04    0.21    0.41   12.34 ^ _6200_/X (sky130_fd_sc_hd__o2bb2a_2)
                                         result[30] (net)
                  0.21    0.00   12.35 ^ result[30] (out)
                                 12.35   data arrival time

                  0.15   10.00   10.00   clock CLK (rise edge)
                          0.00   10.00   clock network delay (ideal)
                         -0.25    9.75   clock uncertainty
                          0.00    9.75   clock reconvergence pessimism
                         -2.00    7.75   output external delay
                                  7.75   data required time
-----------------------------------------------------------------------------
                                  7.75   data required time
                                -12.35   data arrival time
-----------------------------------------------------------------------------
                                 -4.60   slack (VIOLATED)




===========================================================================
 report_check_types -max_slew -max_cap -max_fanout -violators
============================================================================
======================= Typical Corner ===================================

max slew

Pin                                    Limit    Slew   Slack
------------------------------------------------------------
_4247_/S0                               0.75    1.04   -0.29 (VIOLATED)
_4241_/S0                               0.75    1.04   -0.29 (VIOLATED)
_4248_/S0                               0.75    1.04   -0.29 (VIOLATED)
_4242_/S0                               0.75    1.04   -0.29 (VIOLATED)
_4291_/S0                               0.75    1.04   -0.29 (VIOLATED)
_4290_/S0                               0.75    1.04   -0.29 (VIOLATED)
_4314_/S0                               0.75    1.04   -0.29 (VIOLATED)
_4565_/S0                               0.75    1.04   -0.29 (VIOLATED)
_4238_/X                                0.75    1.04   -0.29 (VIOLATED)
_4328_/A                                0.75    1.04   -0.29 (VIOLATED)
_4458_/S0                               0.75    1.04   -0.29 (VIOLATED)
_4568_/A                                0.75    1.04   -0.29 (VIOLATED)
_4427_/S0                               0.75    1.04   -0.29 (VIOLATED)
_4426_/S0                               0.75    1.04   -0.29 (VIOLATED)
_4284_/S0                               0.75    1.04   -0.29 (VIOLATED)
_4281_/S0                               0.75    1.04   -0.29 (VIOLATED)
_4282_/S0                               0.75    1.04   -0.29 (VIOLATED)
_4285_/S0                               0.75    1.04   -0.29 (VIOLATED)
_4467_/S0                               0.75    1.04   -0.29 (VIOLATED)
_4470_/S0                               0.75    1.04   -0.29 (VIOLATED)
_4312_/S0                               0.75    1.04   -0.29 (VIOLATED)
_4279_/X                                0.75    1.04   -0.29 (VIOLATED)
_4551_/S0                               0.75    1.01   -0.26 (VIOLATED)
_4550_/S0                               0.75    1.01   -0.26 (VIOLATED)
_4575_/S0                               0.75    1.01   -0.26 (VIOLATED)
_4398_/A                                0.75    1.01   -0.26 (VIOLATED)
_4615_/S0                               0.75    1.01   -0.26 (VIOLATED)
_4616_/S0                               0.75    1.01   -0.26 (VIOLATED)
_4703_/S0                               0.75    1.01   -0.26 (VIOLATED)
_4702_/S0                               0.75    1.01   -0.26 (VIOLATED)
_4613_/S0                               0.75    1.01   -0.26 (VIOLATED)
_4614_/S0                               0.75    1.01   -0.26 (VIOLATED)
_4397_/X                                0.75    1.01   -0.26 (VIOLATED)
_4435_/S0                               0.75    1.01   -0.26 (VIOLATED)
_4438_/S0                               0.75    1.01   -0.26 (VIOLATED)
_4436_/S0                               0.75    1.01   -0.26 (VIOLATED)
_4437_/S0                               0.75    1.01   -0.26 (VIOLATED)
_4597_/S0                               0.75    1.01   -0.26 (VIOLATED)
_4598_/S0                               0.75    1.01   -0.26 (VIOLATED)
_4468_/S0                               0.75    1.01   -0.26 (VIOLATED)
_4469_/S0                               0.75    1.01   -0.26 (VIOLATED)
_4318_/S0                               0.75    1.01   -0.26 (VIOLATED)
_4319_/S0                               0.75    1.01   -0.26 (VIOLATED)
_4316_/X                                0.75    1.01   -0.26 (VIOLATED)
_5364_/S0                               0.75    1.00   -0.25 (VIOLATED)
_5365_/S0                               0.75    1.00   -0.25 (VIOLATED)
_5343_/S0                               0.75    1.00   -0.25 (VIOLATED)
_5453_/S0                               0.75    1.00   -0.25 (VIOLATED)
_5467_/S0                               0.75    1.00   -0.25 (VIOLATED)
_5468_/S0                               0.75    1.00   -0.25 (VIOLATED)
_5470_/S0                               0.75    1.00   -0.25 (VIOLATED)
_4887_/A                                0.75    1.00   -0.25 (VIOLATED)
_4886_/X                                0.75    1.00   -0.25 (VIOLATED)
_5327_/S0                               0.75    1.00   -0.25 (VIOLATED)
_5328_/S0                               0.75    1.00   -0.25 (VIOLATED)
_5099_/S0                               0.75    1.00   -0.25 (VIOLATED)
_5098_/S0                               0.75    1.00   -0.25 (VIOLATED)
_5290_/S0                               0.75    1.00   -0.25 (VIOLATED)
_5291_/S0                               0.75    1.00   -0.25 (VIOLATED)
_5178_/S0                               0.75    1.00   -0.25 (VIOLATED)
_5181_/S0                               0.75    1.00   -0.25 (VIOLATED)
_5143_/S0                               0.75    1.00   -0.25 (VIOLATED)
_5144_/S0                               0.75    1.00   -0.25 (VIOLATED)
_5145_/S0                               0.75    1.00   -0.25 (VIOLATED)
_5095_/X                                0.75    1.00   -0.25 (VIOLATED)
_5142_/S0                               0.75    1.00   -0.25 (VIOLATED)
_5149_/S0                               0.75    0.98   -0.23 (VIOLATED)
_5187_/S0                               0.75    0.98   -0.23 (VIOLATED)
_5171_/S0                               0.75    0.98   -0.23 (VIOLATED)
_5172_/S0                               0.75    0.98   -0.23 (VIOLATED)
_5188_/S0                               0.75    0.98   -0.23 (VIOLATED)
_5072_/S0                               0.75    0.98   -0.23 (VIOLATED)
_5073_/S0                               0.75    0.98   -0.23 (VIOLATED)
_5275_/S0                               0.75    0.98   -0.23 (VIOLATED)
_5068_/X                                0.75    0.98   -0.23 (VIOLATED)
_5474_/S0                               0.75    0.98   -0.23 (VIOLATED)
_5475_/S0                               0.75    0.98   -0.23 (VIOLATED)
_4355_/S0                               0.75    0.97   -0.22 (VIOLATED)
_4547_/S0                               0.75    0.97   -0.22 (VIOLATED)
_4548_/S0                               0.75    0.97   -0.22 (VIOLATED)
_4737_/S0                               0.75    0.97   -0.22 (VIOLATED)
_4545_/S0                               0.75    0.97   -0.22 (VIOLATED)
_4740_/S0                               0.75    0.97   -0.22 (VIOLATED)
_4741_/S0                               0.75    0.97   -0.22 (VIOLATED)
_4349_/S0                               0.75    0.97   -0.22 (VIOLATED)
_4350_/S0                               0.75    0.97   -0.22 (VIOLATED)
_4342_/S0                               0.75    0.97   -0.22 (VIOLATED)
_4340_/X                                0.75    0.97   -0.22 (VIOLATED)
_5353_/S0                               0.75    0.97   -0.22 (VIOLATED)
_5356_/S0                               0.75    0.97   -0.22 (VIOLATED)
_5357_/S0                               0.75    0.97   -0.22 (VIOLATED)
_5354_/S0                               0.75    0.97   -0.22 (VIOLATED)
_5348_/S0                               0.75    0.97   -0.22 (VIOLATED)
_5347_/S0                               0.75    0.97   -0.22 (VIOLATED)
_5059_/A                                0.75    0.97   -0.22 (VIOLATED)
_5058_/X                                0.75    0.97   -0.22 (VIOLATED)
_5306_/S0                               0.75    0.97   -0.22 (VIOLATED)
_5308_/S0                               0.75    0.97   -0.22 (VIOLATED)
_5471_/S0                               0.75    0.97   -0.22 (VIOLATED)
_5298_/A                                0.75    0.96   -0.21 (VIOLATED)
_5392_/S0                               0.75    0.96   -0.21 (VIOLATED)
_5391_/S0                               0.75    0.96   -0.21 (VIOLATED)
_5389_/S0                               0.75    0.96   -0.21 (VIOLATED)
_5388_/S0                               0.75    0.96   -0.21 (VIOLATED)
_5413_/S0                               0.75    0.96   -0.21 (VIOLATED)
_5415_/S0                               0.75    0.96   -0.21 (VIOLATED)
_5416_/S0                               0.75    0.96   -0.21 (VIOLATED)
_5412_/S0                               0.75    0.96   -0.21 (VIOLATED)
_5242_/S0                               0.75    0.96   -0.21 (VIOLATED)
_5241_/X                                0.75    0.96   -0.21 (VIOLATED)
_5161_/S0                               0.75    0.95   -0.20 (VIOLATED)
_5160_/S0                               0.75    0.95   -0.20 (VIOLATED)
_5163_/S0                               0.75    0.95   -0.20 (VIOLATED)
_5164_/S0                               0.75    0.95   -0.20 (VIOLATED)
_5204_/S0                               0.75    0.95   -0.20 (VIOLATED)
_5205_/S0                               0.75    0.95   -0.20 (VIOLATED)
_5267_/S0                               0.75    0.95   -0.20 (VIOLATED)
_5266_/S0                               0.75    0.95   -0.20 (VIOLATED)
_5264_/S0                               0.75    0.95   -0.20 (VIOLATED)
_5158_/X                                0.75    0.95   -0.20 (VIOLATED)
_5456_/S0                               0.75    0.95   -0.20 (VIOLATED)
_6222_/S                                0.75    0.93   -0.18 (VIOLATED)
_6228_/S                                0.75    0.93   -0.18 (VIOLATED)
_6231_/S                                0.75    0.93   -0.18 (VIOLATED)
_6225_/S                                0.75    0.93   -0.18 (VIOLATED)
_6234_/S                                0.75    0.93   -0.18 (VIOLATED)
_6237_/S                                0.75    0.93   -0.18 (VIOLATED)
_6243_/S                                0.75    0.93   -0.18 (VIOLATED)
_6240_/S                                0.75    0.93   -0.18 (VIOLATED)
_8452_/S                                0.75    0.93   -0.18 (VIOLATED)
_8454_/S                                0.75    0.93   -0.18 (VIOLATED)
_6221_/X                                0.75    0.93   -0.18 (VIOLATED)
_4359_/S0                               0.75    0.93   -0.18 (VIOLATED)
_4358_/S0                               0.75    0.93   -0.18 (VIOLATED)
_4356_/S0                               0.75    0.93   -0.18 (VIOLATED)
_4729_/S0                               0.75    0.93   -0.18 (VIOLATED)
_4335_/S0                               0.75    0.93   -0.18 (VIOLATED)
_4334_/S0                               0.75    0.93   -0.18 (VIOLATED)
_4330_/S0                               0.75    0.93   -0.18 (VIOLATED)
_4331_/S0                               0.75    0.93   -0.18 (VIOLATED)
_4328_/X                                0.75    0.93   -0.18 (VIOLATED)
_4375_/A                                0.75    0.93   -0.18 (VIOLATED)
_4546_/S0                               0.75    0.93   -0.18 (VIOLATED)
_5115_/S0                               0.75    0.92   -0.17 (VIOLATED)
_5114_/S0                               0.75    0.92   -0.17 (VIOLATED)
_5283_/S0                               0.75    0.92   -0.17 (VIOLATED)
_4837_/A                                0.75    0.92   -0.17 (VIOLATED)
_5126_/S0                               0.75    0.92   -0.17 (VIOLATED)
_5132_/S0                               0.75    0.92   -0.17 (VIOLATED)
_5125_/S0                               0.75    0.92   -0.17 (VIOLATED)
_5281_/S0                               0.75    0.92   -0.17 (VIOLATED)
_5134_/S0                               0.75    0.92   -0.17 (VIOLATED)
_5284_/S0                               0.75    0.92   -0.17 (VIOLATED)
_4836_/X                                0.75    0.92   -0.17 (VIOLATED)
_4571_/S0                               0.75    0.92   -0.17 (VIOLATED)
_4570_/S0                               0.75    0.92   -0.17 (VIOLATED)
_4587_/S0                               0.75    0.92   -0.17 (VIOLATED)
_4586_/S0                               0.75    0.92   -0.17 (VIOLATED)
_4719_/S0                               0.75    0.92   -0.17 (VIOLATED)
_4720_/S0                               0.75    0.92   -0.17 (VIOLATED)
_4716_/S0                               0.75    0.92   -0.17 (VIOLATED)
_4732_/S0                               0.75    0.92   -0.17 (VIOLATED)
_4733_/S0                               0.75    0.92   -0.17 (VIOLATED)
_4568_/X                                0.75    0.92   -0.17 (VIOLATED)
_4730_/S0                               0.75    0.92   -0.17 (VIOLATED)
_5274_/S0                               0.75    0.91   -0.16 (VIOLATED)
_5064_/S0                               0.75    0.91   -0.16 (VIOLATED)
_5063_/S0                               0.75    0.91   -0.16 (VIOLATED)
_5107_/S0                               0.75    0.91   -0.16 (VIOLATED)
_5111_/S0                               0.75    0.91   -0.16 (VIOLATED)
_5110_/S0                               0.75    0.91   -0.16 (VIOLATED)
_5108_/S0                               0.75    0.91   -0.16 (VIOLATED)
_5059_/X                                0.75    0.91   -0.16 (VIOLATED)
_5168_/S0                               0.75    0.91   -0.16 (VIOLATED)
_5183_/S0                               0.75    0.91   -0.16 (VIOLATED)
_5184_/S0                               0.75    0.91   -0.16 (VIOLATED)
_4779_/S0                               0.75    0.91   -0.16 (VIOLATED)
_4780_/S0                               0.75    0.91   -0.16 (VIOLATED)
_4651_/S0                               0.75    0.91   -0.16 (VIOLATED)
_4649_/S0                               0.75    0.91   -0.16 (VIOLATED)
_4654_/S0                               0.75    0.91   -0.16 (VIOLATED)
_4653_/S0                               0.75    0.91   -0.16 (VIOLATED)
_4767_/S0                               0.75    0.91   -0.16 (VIOLATED)
_4768_/S0                               0.75    0.91   -0.16 (VIOLATED)
_4540_/S0                               0.75    0.91   -0.16 (VIOLATED)
_4541_/S0                               0.75    0.91   -0.16 (VIOLATED)
_4538_/X                                0.75    0.91   -0.16 (VIOLATED)
_7914_/S                                0.75    0.91   -0.16 (VIOLATED)
_7912_/S                                0.75    0.91   -0.16 (VIOLATED)
_7916_/S                                0.75    0.91   -0.16 (VIOLATED)
_7910_/S                                0.75    0.91   -0.16 (VIOLATED)
_7918_/S                                0.75    0.91   -0.16 (VIOLATED)
_7928_/S                                0.75    0.91   -0.16 (VIOLATED)
_7920_/S                                0.75    0.91   -0.16 (VIOLATED)
_7926_/S                                0.75    0.91   -0.16 (VIOLATED)
_7922_/S                                0.75    0.91   -0.16 (VIOLATED)
_7924_/S                                0.75    0.91   -0.16 (VIOLATED)
_7909_/X                                0.75    0.91   -0.16 (VIOLATED)
_8124_/S                                0.75    0.91   -0.16 (VIOLATED)
_8122_/S                                0.75    0.91   -0.16 (VIOLATED)
_8132_/S                                0.75    0.91   -0.16 (VIOLATED)
_8130_/S                                0.75    0.91   -0.16 (VIOLATED)
_8126_/S                                0.75    0.91   -0.16 (VIOLATED)
_8114_/S                                0.75    0.91   -0.16 (VIOLATED)
_8120_/S                                0.75    0.91   -0.16 (VIOLATED)
_8128_/S                                0.75    0.91   -0.16 (VIOLATED)
_8116_/S                                0.75    0.91   -0.16 (VIOLATED)
_8118_/S                                0.75    0.91   -0.16 (VIOLATED)
_8113_/X                                0.75    0.91   -0.16 (VIOLATED)
_4555_/S0                               0.75    0.90   -0.15 (VIOLATED)
_4557_/S0                               0.75    0.90   -0.15 (VIOLATED)
_4574_/S0                               0.75    0.90   -0.15 (VIOLATED)
_4590_/S0                               0.75    0.90   -0.15 (VIOLATED)
_4591_/S0                               0.75    0.90   -0.15 (VIOLATED)
_4724_/S0                               0.75    0.90   -0.15 (VIOLATED)
_4714_/S0                               0.75    0.90   -0.15 (VIOLATED)
_4705_/S0                               0.75    0.90   -0.15 (VIOLATED)
_4723_/S0                               0.75    0.90   -0.15 (VIOLATED)
_4707_/S0                               0.75    0.90   -0.15 (VIOLATED)
_4553_/X                                0.75    0.90   -0.15 (VIOLATED)
_4332_/A                                0.75    0.90   -0.15 (VIOLATED)
_4602_/S                                0.75    0.90   -0.15 (VIOLATED)
_4424_/S                                0.75    0.90   -0.15 (VIOLATED)
_4439_/S0                               0.75    0.90   -0.15 (VIOLATED)
_4428_/S                                0.75    0.90   -0.15 (VIOLATED)
_4287_/S                                0.75    0.90   -0.15 (VIOLATED)
_4432_/S                                0.75    0.90   -0.15 (VIOLATED)
_4292_/S                                0.75    0.90   -0.15 (VIOLATED)
_4471_/S0                               0.75    0.90   -0.15 (VIOLATED)
_4320_/S                                0.75    0.90   -0.15 (VIOLATED)
_4286_/X                                0.75    0.90   -0.15 (VIOLATED)
_5371_/S0                               0.75    0.90   -0.15 (VIOLATED)
_5375_/S0                               0.75    0.90   -0.15 (VIOLATED)
_5374_/S0                               0.75    0.90   -0.15 (VIOLATED)
_5372_/S0                               0.75    0.90   -0.15 (VIOLATED)
_4834_/A                                0.75    0.90   -0.15 (VIOLATED)
_7433_/S                                0.75    0.90   -0.15 (VIOLATED)
_7435_/S                                0.75    0.90   -0.15 (VIOLATED)
_7437_/S                                0.75    0.90   -0.15 (VIOLATED)
_5245_/S0                               0.75    0.90   -0.15 (VIOLATED)
_5244_/S0                               0.75    0.90   -0.15 (VIOLATED)
_5243_/S0                               0.75    0.90   -0.15 (VIOLATED)
_5489_/S0                               0.75    0.90   -0.15 (VIOLATED)
_4833_/X                                0.75    0.90   -0.15 (VIOLATED)
_5488_/S0                               0.75    0.90   -0.15 (VIOLATED)
_7441_/S                                0.75    0.90   -0.15 (VIOLATED)
_7431_/S                                0.75    0.90   -0.15 (VIOLATED)
_7439_/S                                0.75    0.90   -0.15 (VIOLATED)
_7449_/S                                0.75    0.90   -0.15 (VIOLATED)
_4564_/S0                               0.75    0.90   -0.15 (VIOLATED)
_4561_/S0                               0.75    0.90   -0.15 (VIOLATED)
_4562_/S0                               0.75    0.90   -0.15 (VIOLATED)
_4583_/S0                               0.75    0.90   -0.15 (VIOLATED)
_4582_/S0                               0.75    0.90   -0.15 (VIOLATED)
_4296_/S0                               0.75    0.90   -0.15 (VIOLATED)
_4579_/S0                               0.75    0.90   -0.15 (VIOLATED)
_4622_/S0                               0.75    0.90   -0.15 (VIOLATED)
_4623_/S0                               0.75    0.90   -0.15 (VIOLATED)
_4293_/X                                0.75    0.90   -0.15 (VIOLATED)
_4580_/S0                               0.75    0.90   -0.15 (VIOLATED)
_7447_/S                                0.75    0.90   -0.15 (VIOLATED)
_7443_/S                                0.75    0.90   -0.15 (VIOLATED)
_7445_/S                                0.75    0.90   -0.15 (VIOLATED)
_7430_/X                                0.75    0.90   -0.15 (VIOLATED)
_5078_/A1                               0.75    0.90   -0.15 (VIOLATED)
_5293_/A1                               0.75    0.90   -0.15 (VIOLATED)
_4830_/A                                0.75    0.90   -0.15 (VIOLATED)
_5277_/A1                               0.75    0.90   -0.15 (VIOLATED)
_5014_/B1                               0.75    0.90   -0.15 (VIOLATED)
_5088_/S                                0.75    0.90   -0.15 (VIOLATED)
_5481_/A1                               0.75    0.90   -0.15 (VIOLATED)
_5174_/A1                               0.75    0.90   -0.15 (VIOLATED)
_5186_/A                                0.75    0.90   -0.15 (VIOLATED)
_4829_/X                                0.75    0.90   -0.15 (VIOLATED)
_5155_/B2                               0.75    0.90   -0.15 (VIOLATED)
_4788_/S0                               0.75    0.89   -0.14 (VIOLATED)
_4786_/S0                               0.75    0.89   -0.14 (VIOLATED)
_4636_/S0                               0.75    0.89   -0.14 (VIOLATED)
_4635_/S0                               0.75    0.89   -0.14 (VIOLATED)
_4645_/S0                               0.75    0.89   -0.14 (VIOLATED)
_4534_/S0                               0.75    0.89   -0.14 (VIOLATED)
_4528_/S0                               0.75    0.89   -0.14 (VIOLATED)
_4529_/S0                               0.75    0.89   -0.14 (VIOLATED)
_4530_/S0                               0.75    0.89   -0.14 (VIOLATED)
_4531_/S0                               0.75    0.89   -0.14 (VIOLATED)
_4527_/X                                0.75    0.89   -0.14 (VIOLATED)
_8281_/S                                0.75    0.89   -0.14 (VIOLATED)
_8279_/S                                0.75    0.89   -0.14 (VIOLATED)
_8275_/S                                0.75    0.89   -0.14 (VIOLATED)
_8277_/S                                0.75    0.89   -0.14 (VIOLATED)
_8271_/S                                0.75    0.89   -0.14 (VIOLATED)
_8285_/S                                0.75    0.89   -0.14 (VIOLATED)
_8273_/S                                0.75    0.89   -0.14 (VIOLATED)
_8287_/S                                0.75    0.89   -0.14 (VIOLATED)
_8289_/S                                0.75    0.89   -0.14 (VIOLATED)
_8283_/S                                0.75    0.89   -0.14 (VIOLATED)
_8270_/X                                0.75    0.89   -0.14 (VIOLATED)
_4367_/S0                               0.75    0.89   -0.14 (VIOLATED)
_4366_/S0                               0.75    0.89   -0.14 (VIOLATED)
_4364_/S0                               0.75    0.89   -0.14 (VIOLATED)
_4362_/S0                               0.75    0.89   -0.14 (VIOLATED)
_4745_/S0                               0.75    0.89   -0.14 (VIOLATED)
_4748_/S0                               0.75    0.89   -0.14 (VIOLATED)
_4749_/S0                               0.75    0.89   -0.14 (VIOLATED)
_4746_/S0                               0.75    0.89   -0.14 (VIOLATED)
_4347_/S0                               0.75    0.89   -0.14 (VIOLATED)
_4386_/A                                0.75    0.89   -0.14 (VIOLATED)
_4345_/X                                0.75    0.89   -0.14 (VIOLATED)
_5221_/S0                               0.75    0.89   -0.14 (VIOLATED)
_5220_/S0                               0.75    0.89   -0.14 (VIOLATED)
_5216_/S0                               0.75    0.89   -0.14 (VIOLATED)
_5229_/S0                               0.75    0.89   -0.14 (VIOLATED)
_5228_/S0                               0.75    0.89   -0.14 (VIOLATED)
_4446_/S0                               0.75    0.89   -0.14 (VIOLATED)
_4447_/S0                               0.75    0.89   -0.14 (VIOLATED)
_4442_/S0                               0.75    0.89   -0.14 (VIOLATED)
_4459_/S0                               0.75    0.89   -0.14 (VIOLATED)
_4440_/X                                0.75    0.89   -0.14 (VIOLATED)
_4463_/S0                               0.75    0.89   -0.14 (VIOLATED)
_5146_/S1                               0.75    0.89   -0.14 (VIOLATED)
_5207_/B2                               0.75    0.89   -0.14 (VIOLATED)
_5170_/A                                0.75    0.89   -0.14 (VIOLATED)
_5190_/A1                               0.75    0.89   -0.14 (VIOLATED)
_5113_/S                                0.75    0.89   -0.14 (VIOLATED)
_5285_/S1                               0.75    0.89   -0.14 (VIOLATED)
_5128_/S1                               0.75    0.89   -0.14 (VIOLATED)
_5067_/A                                0.75    0.89   -0.14 (VIOLATED)
_5056_/X                                0.75    0.89   -0.14 (VIOLATED)
_5326_/A                                0.75    0.89   -0.14 (VIOLATED)
_5477_/A                                0.75    0.89   -0.14 (VIOLATED)
_5155_/C1                               0.75    0.89   -0.14 (VIOLATED)
_5174_/B1                               0.75    0.89   -0.14 (VIOLATED)
_4798_/A                                0.75    0.89   -0.14 (VIOLATED)
_5101_/C1                               0.75    0.89   -0.14 (VIOLATED)
_5136_/C1                               0.75    0.89   -0.14 (VIOLATED)
_5293_/B1                               0.75    0.89   -0.14 (VIOLATED)
_5078_/B1                               0.75    0.89   -0.14 (VIOLATED)
_5277_/B1                               0.75    0.89   -0.14 (VIOLATED)
_5481_/B1                               0.75    0.89   -0.14 (VIOLATED)
_5445_/A1                               0.75    0.89   -0.14 (VIOLATED)
_4797_/X                                0.75    0.89   -0.14 (VIOLATED)
_7027_/S                                0.75    0.89   -0.14 (VIOLATED)
_7021_/S                                0.75    0.89   -0.14 (VIOLATED)
_7031_/S                                0.75    0.89   -0.14 (VIOLATED)
_7029_/S                                0.75    0.89   -0.14 (VIOLATED)
_7039_/S                                0.75    0.89   -0.14 (VIOLATED)
_7037_/S                                0.75    0.89   -0.14 (VIOLATED)
_7033_/S                                0.75    0.89   -0.14 (VIOLATED)
_7035_/S                                0.75    0.89   -0.14 (VIOLATED)
_7023_/S                                0.75    0.89   -0.14 (VIOLATED)
_7025_/S                                0.75    0.89   -0.14 (VIOLATED)
_7020_/X                                0.75    0.89   -0.14 (VIOLATED)
_5302_/S0                               0.75    0.88   -0.13 (VIOLATED)
_5442_/S0                               0.75    0.88   -0.13 (VIOLATED)
_5310_/S0                               0.75    0.88   -0.13 (VIOLATED)
_5299_/S0                               0.75    0.88   -0.13 (VIOLATED)
_5311_/S0                               0.75    0.88   -0.13 (VIOLATED)
_5300_/S0                               0.75    0.88   -0.13 (VIOLATED)
_5339_/S0                               0.75    0.88   -0.13 (VIOLATED)
_5340_/S0                               0.75    0.88   -0.13 (VIOLATED)
_5337_/S0                               0.75    0.88   -0.13 (VIOLATED)
_5298_/X                                0.75    0.88   -0.13 (VIOLATED)
_5336_/S0                               0.75    0.88   -0.13 (VIOLATED)
_4912_/S0                               0.75    0.88   -0.13 (VIOLATED)
_4838_/A                                0.75    0.88   -0.13 (VIOLATED)
_4979_/S0                               0.75    0.88   -0.13 (VIOLATED)
_4980_/S0                               0.75    0.88   -0.13 (VIOLATED)
_4961_/S0                               0.75    0.88   -0.13 (VIOLATED)
_4997_/S0                               0.75    0.88   -0.13 (VIOLATED)
_4960_/S0                               0.75    0.88   -0.13 (VIOLATED)
_4996_/S0                               0.75    0.88   -0.13 (VIOLATED)
_4976_/S0                               0.75    0.88   -0.13 (VIOLATED)
_4975_/S0                               0.75    0.88   -0.13 (VIOLATED)
_4837_/X                                0.75    0.88   -0.13 (VIOLATED)
_4378_/S0                               0.75    0.88   -0.13 (VIOLATED)
_4377_/S0                               0.75    0.88   -0.13 (VIOLATED)
_4381_/S0                               0.75    0.88   -0.13 (VIOLATED)
_4382_/S0                               0.75    0.88   -0.13 (VIOLATED)
_4408_/S0                               0.75    0.88   -0.13 (VIOLATED)
_4410_/S0                               0.75    0.88   -0.13 (VIOLATED)
_4393_/S0                               0.75    0.88   -0.13 (VIOLATED)
_4392_/S0                               0.75    0.88   -0.13 (VIOLATED)
_4375_/X                                0.75    0.88   -0.13 (VIOLATED)
_4538_/A                                0.75    0.88   -0.13 (VIOLATED)
_4736_/S0                               0.75    0.88   -0.13 (VIOLATED)
_7992_/S                                0.75    0.88   -0.13 (VIOLATED)
_7990_/S                                0.75    0.88   -0.13 (VIOLATED)
_7994_/S                                0.75    0.88   -0.13 (VIOLATED)
_7996_/S                                0.75    0.88   -0.13 (VIOLATED)
_7986_/S                                0.75    0.88   -0.13 (VIOLATED)
_7978_/S                                0.75    0.88   -0.13 (VIOLATED)
_7988_/S                                0.75    0.88   -0.13 (VIOLATED)
_7984_/S                                0.75    0.88   -0.13 (VIOLATED)
_7982_/S                                0.75    0.88   -0.13 (VIOLATED)
_5199_/S                                0.75    0.88   -0.13 (VIOLATED)
_7980_/S                                0.75    0.88   -0.13 (VIOLATED)
_5350_/B2                               0.75    0.88   -0.13 (VIOLATED)
_5463_/B2                               0.75    0.88   -0.13 (VIOLATED)
_5473_/S                                0.75    0.88   -0.13 (VIOLATED)
_5305_/S                                0.75    0.88   -0.13 (VIOLATED)
_5444_/A1                               0.75    0.88   -0.13 (VIOLATED)
_5093_/B1                               0.75    0.88   -0.13 (VIOLATED)
_5135_/B1                               0.75    0.88   -0.13 (VIOLATED)
_5054_/S                                0.75    0.88   -0.13 (VIOLATED)
_5053_/X                                0.75    0.88   -0.13 (VIOLATED)
_5330_/A1                               0.75    0.88   -0.13 (VIOLATED)
_4932_/S0                               0.75    0.88   -0.13 (VIOLATED)
_4931_/S0                               0.75    0.88   -0.13 (VIOLATED)
_4936_/S0                               0.75    0.88   -0.13 (VIOLATED)
_5029_/S0                               0.75    0.88   -0.13 (VIOLATED)
_5028_/S0                               0.75    0.88   -0.13 (VIOLATED)
_4943_/S0                               0.75    0.88   -0.13 (VIOLATED)
_4944_/S0                               0.75    0.88   -0.13 (VIOLATED)
_4477_/S0                               0.75    0.88   -0.13 (VIOLATED)
_4473_/X                                0.75    0.88   -0.13 (VIOLATED)
_4474_/S0                               0.75    0.88   -0.13 (VIOLATED)
_4478_/S0                               0.75    0.88   -0.13 (VIOLATED)
_7977_/X                                0.75    0.88   -0.13 (VIOLATED)
_4920_/S0                               0.75    0.88   -0.13 (VIOLATED)
_4919_/S0                               0.75    0.88   -0.13 (VIOLATED)
_4924_/S0                               0.75    0.88   -0.13 (VIOLATED)
_4923_/S0                               0.75    0.88   -0.13 (VIOLATED)
_4896_/S0                               0.75    0.88   -0.13 (VIOLATED)
_4952_/S0                               0.75    0.88   -0.13 (VIOLATED)
_4957_/S0                               0.75    0.88   -0.13 (VIOLATED)
_4956_/S0                               0.75    0.88   -0.13 (VIOLATED)
_4993_/S0                               0.75    0.88   -0.13 (VIOLATED)
_4992_/S0                               0.75    0.88   -0.13 (VIOLATED)
_4889_/X                                0.75    0.88   -0.13 (VIOLATED)
_5194_/S0                               0.75    0.88   -0.13 (VIOLATED)
_5193_/S0                               0.75    0.88   -0.13 (VIOLATED)
_5197_/S0                               0.75    0.88   -0.13 (VIOLATED)
_5196_/S0                               0.75    0.88   -0.13 (VIOLATED)
_5095_/A                                0.75    0.88   -0.13 (VIOLATED)
_5360_/S0                               0.75    0.88   -0.13 (VIOLATED)
_5345_/S0                               0.75    0.88   -0.13 (VIOLATED)
_5452_/S0                               0.75    0.88   -0.13 (VIOLATED)
_5449_/S0                               0.75    0.88   -0.13 (VIOLATED)
_5094_/X                                0.75    0.88   -0.13 (VIOLATED)
_5450_/S0                               0.75    0.88   -0.13 (VIOLATED)
_7481_/S                                0.75    0.87   -0.12 (VIOLATED)
_7485_/S                                0.75    0.87   -0.12 (VIOLATED)
_7487_/S                                0.75    0.87   -0.12 (VIOLATED)
_7483_/S                                0.75    0.87   -0.12 (VIOLATED)
_7475_/S                                0.75    0.87   -0.12 (VIOLATED)
_7479_/S                                0.75    0.87   -0.12 (VIOLATED)
_7491_/S                                0.75    0.87   -0.12 (VIOLATED)
_7477_/S                                0.75    0.87   -0.12 (VIOLATED)
_7489_/S                                0.75    0.87   -0.12 (VIOLATED)
_7472_/X                                0.75    0.87   -0.12 (VIOLATED)
_7473_/S                                0.75    0.87   -0.12 (VIOLATED)
_6514_/S                                0.75    0.87   -0.12 (VIOLATED)
_6508_/S                                0.75    0.87   -0.12 (VIOLATED)
_6518_/S                                0.75    0.87   -0.12 (VIOLATED)
_6516_/S                                0.75    0.87   -0.12 (VIOLATED)
_6526_/S                                0.75    0.87   -0.12 (VIOLATED)
_6524_/S                                0.75    0.87   -0.12 (VIOLATED)
_6520_/S                                0.75    0.87   -0.12 (VIOLATED)
_6522_/S                                0.75    0.87   -0.12 (VIOLATED)
_5051_/S0                               0.75    0.87   -0.12 (VIOLATED)
_5050_/S0                               0.75    0.87   -0.12 (VIOLATED)
_5047_/S0                               0.75    0.87   -0.12 (VIOLATED)
_4802_/A                                0.75    0.87   -0.12 (VIOLATED)
_5048_/S0                               0.75    0.87   -0.12 (VIOLATED)
_5323_/S0                               0.75    0.87   -0.12 (VIOLATED)
_5324_/S0                               0.75    0.87   -0.12 (VIOLATED)
_6510_/S                                0.75    0.87   -0.12 (VIOLATED)
_6512_/S                                0.75    0.87   -0.12 (VIOLATED)
_6507_/X                                0.75    0.87   -0.12 (VIOLATED)
_5461_/S0                               0.75    0.87   -0.12 (VIOLATED)
_8256_/S                                0.75    0.87   -0.12 (VIOLATED)
_8250_/S                                0.75    0.87   -0.12 (VIOLATED)
_5460_/S0                               0.75    0.87   -0.12 (VIOLATED)
_4801_/X                                0.75    0.87   -0.12 (VIOLATED)
_5362_/S0                               0.75    0.87   -0.12 (VIOLATED)
_8260_/S                                0.75    0.87   -0.12 (VIOLATED)
_8258_/S                                0.75    0.87   -0.12 (VIOLATED)
_8268_/S                                0.75    0.87   -0.12 (VIOLATED)
_8266_/S                                0.75    0.87   -0.12 (VIOLATED)
_8262_/S                                0.75    0.87   -0.12 (VIOLATED)
_8264_/S                                0.75    0.87   -0.12 (VIOLATED)
_8252_/S                                0.75    0.87   -0.12 (VIOLATED)
_8254_/S                                0.75    0.87   -0.12 (VIOLATED)
_8249_/X                                0.75    0.87   -0.12 (VIOLATED)
_5202_/S0                               0.75    0.87   -0.12 (VIOLATED)
_5200_/S0                               0.75    0.87   -0.12 (VIOLATED)
_5147_/S0                               0.75    0.87   -0.12 (VIOLATED)
_5151_/S0                               0.75    0.87   -0.12 (VIOLATED)
_5152_/S0                               0.75    0.87   -0.12 (VIOLATED)
_5263_/S0                               0.75    0.87   -0.12 (VIOLATED)
_5458_/S0                               0.75    0.87   -0.12 (VIOLATED)
_4835_/X                                0.75    0.87   -0.12 (VIOLATED)
_4836_/A                                0.75    0.87   -0.12 (VIOLATED)
_5478_/S0                               0.75    0.87   -0.12 (VIOLATED)
_5479_/S0                               0.75    0.87   -0.12 (VIOLATED)
_7308_/S                                0.75    0.87   -0.12 (VIOLATED)
_7306_/S                                0.75    0.87   -0.12 (VIOLATED)
_7310_/S                                0.75    0.87   -0.12 (VIOLATED)
_7312_/S                                0.75    0.87   -0.12 (VIOLATED)
_7302_/S                                0.75    0.87   -0.12 (VIOLATED)
_7304_/S                                0.75    0.87   -0.12 (VIOLATED)
_7294_/S                                0.75    0.87   -0.12 (VIOLATED)
_7300_/S                                0.75    0.87   -0.12 (VIOLATED)
_7298_/S                                0.75    0.87   -0.12 (VIOLATED)
_7296_/S                                0.75    0.87   -0.12 (VIOLATED)
_7293_/X                                0.75    0.87   -0.12 (VIOLATED)
_4781_/S                                0.75    0.87   -0.12 (VIOLATED)
_4507_/A                                0.75    0.87   -0.12 (VIOLATED)
_4633_/S                                0.75    0.87   -0.12 (VIOLATED)
_4542_/S                                0.75    0.87   -0.12 (VIOLATED)
_4739_/A1                               0.75    0.87   -0.12 (VIOLATED)
_4409_/A                                0.75    0.87   -0.12 (VIOLATED)
_4389_/A                                0.75    0.87   -0.12 (VIOLATED)
_4383_/S                                0.75    0.87   -0.12 (VIOLATED)
_4380_/S                                0.75    0.87   -0.12 (VIOLATED)
_4379_/X                                0.75    0.87   -0.12 (VIOLATED)
_4492_/A                                0.75    0.87   -0.12 (VIOLATED)
_8050_/S                                0.75    0.87   -0.12 (VIOLATED)
_8048_/S                                0.75    0.87   -0.12 (VIOLATED)
_8052_/S                                0.75    0.87   -0.12 (VIOLATED)
_8046_/S                                0.75    0.87   -0.12 (VIOLATED)
_8054_/S                                0.75    0.87   -0.12 (VIOLATED)
_8056_/S                                0.75    0.87   -0.12 (VIOLATED)
_8064_/S                                0.75    0.87   -0.12 (VIOLATED)
_8062_/S                                0.75    0.87   -0.12 (VIOLATED)
_8058_/S                                0.75    0.87   -0.12 (VIOLATED)
_8060_/S                                0.75    0.87   -0.12 (VIOLATED)
_8045_/X                                0.75    0.87   -0.12 (VIOLATED)
_4423_/S0                               0.75    0.87   -0.12 (VIOLATED)
_4422_/S0                               0.75    0.87   -0.12 (VIOLATED)
_4600_/S0                               0.75    0.87   -0.12 (VIOLATED)
_4601_/S0                               0.75    0.87   -0.12 (VIOLATED)
_4553_/A                                0.75    0.87   -0.12 (VIOLATED)
_4430_/S0                               0.75    0.87   -0.12 (VIOLATED)
_4309_/S0                               0.75    0.87   -0.12 (VIOLATED)
_4306_/S0                               0.75    0.87   -0.12 (VIOLATED)
_4308_/S0                               0.75    0.87   -0.12 (VIOLATED)
_4307_/S0                               0.75    0.87   -0.12 (VIOLATED)
_4304_/X                                0.75    0.87   -0.12 (VIOLATED)
_4776_/S0                               0.75    0.86   -0.11 (VIOLATED)
_4777_/S0                               0.75    0.86   -0.11 (VIOLATED)
_4783_/S0                               0.75    0.86   -0.11 (VIOLATED)
_4784_/S0                               0.75    0.86   -0.11 (VIOLATED)
_4640_/S0                               0.75    0.86   -0.11 (VIOLATED)
_4639_/S0                               0.75    0.86   -0.11 (VIOLATED)
_4771_/S0                               0.75    0.86   -0.11 (VIOLATED)
_4772_/S0                               0.75    0.86   -0.11 (VIOLATED)
_4535_/S0                               0.75    0.86   -0.11 (VIOLATED)
_4513_/X                                0.75    0.86   -0.11 (VIOLATED)
_4514_/A                                0.75    0.86   -0.11 (VIOLATED)
_7787_/S                                0.75    0.86   -0.11 (VIOLATED)
_7785_/S                                0.75    0.86   -0.11 (VIOLATED)
_7789_/S                                0.75    0.86   -0.11 (VIOLATED)
_7791_/S                                0.75    0.86   -0.11 (VIOLATED)
_7781_/S                                0.75    0.86   -0.11 (VIOLATED)
_7773_/S                                0.75    0.86   -0.11 (VIOLATED)
_7783_/S                                0.75    0.86   -0.11 (VIOLATED)
_7779_/S                                0.75    0.86   -0.11 (VIOLATED)
_7777_/S                                0.75    0.86   -0.11 (VIOLATED)
_7775_/S                                0.75    0.86   -0.11 (VIOLATED)
_7772_/X                                0.75    0.86   -0.11 (VIOLATED)
_7376_/S                                0.75    0.86   -0.11 (VIOLATED)
_7374_/S                                0.75    0.86   -0.11 (VIOLATED)
_7378_/S                                0.75    0.86   -0.11 (VIOLATED)
_7380_/S                                0.75    0.86   -0.11 (VIOLATED)
_7370_/S                                0.75    0.86   -0.11 (VIOLATED)
_7362_/S                                0.75    0.86   -0.11 (VIOLATED)
_7372_/S                                0.75    0.86   -0.11 (VIOLATED)
_7368_/S                                0.75    0.86   -0.11 (VIOLATED)
_7366_/S                                0.75    0.86   -0.11 (VIOLATED)
_7364_/S                                0.75    0.86   -0.11 (VIOLATED)
_7361_/X                                0.75    0.86   -0.11 (VIOLATED)
_4269_/S0                               0.75    0.86   -0.11 (VIOLATED)
_4268_/S0                               0.75    0.86   -0.11 (VIOLATED)
_4298_/S0                               0.75    0.86   -0.11 (VIOLATED)
_4258_/S0                               0.75    0.86   -0.11 (VIOLATED)
_4609_/S0                               0.75    0.86   -0.11 (VIOLATED)
_4608_/S0                               0.75    0.86   -0.11 (VIOLATED)
_4711_/S0                               0.75    0.86   -0.11 (VIOLATED)
_4712_/S0                               0.75    0.86   -0.11 (VIOLATED)
_4340_/A                                0.75    0.86   -0.11 (VIOLATED)
_4472_/S0                               0.75    0.86   -0.11 (VIOLATED)
_4255_/X                                0.75    0.86   -0.11 (VIOLATED)
_4558_/B1                               0.75    0.85   -0.10 (VIOLATED)
_4708_/B1                               0.75    0.85   -0.10 (VIOLATED)
_4934_/A                                0.75    0.85   -0.10 (VIOLATED)
_5027_/A                                0.75    0.85   -0.10 (VIOLATED)
_4942_/A                                0.75    0.85   -0.10 (VIOLATED)
_5035_/A                                0.75    0.85   -0.10 (VIOLATED)
_4603_/S                                0.75    0.85   -0.10 (VIOLATED)
_5227_/A                                0.75    0.85   -0.10 (VIOLATED)
_4433_/A1                               0.75    0.85   -0.10 (VIOLATED)
_4288_/X                                0.75    0.85   -0.10 (VIOLATED)
_4289_/S                                0.75    0.85   -0.10 (VIOLATED)
_4617_/S1                               0.75    0.85   -0.10 (VIOLATED)
_4425_/A                                0.75    0.85   -0.10 (VIOLATED)
_4251_/S                                0.75    0.85   -0.10 (VIOLATED)
_4938_/A                                0.75    0.85   -0.10 (VIOLATED)
_5031_/A                                0.75    0.85   -0.10 (VIOLATED)
_4946_/A1                               0.75    0.85   -0.10 (VIOLATED)
_4429_/A                                0.75    0.85   -0.10 (VIOLATED)
_5039_/A1                               0.75    0.85   -0.10 (VIOLATED)
_4337_/A                                0.75    0.85   -0.10 (VIOLATED)
_4567_/S                                0.75    0.85   -0.10 (VIOLATED)
_4250_/X                                0.75    0.85   -0.10 (VIOLATED)
_7846_/S                                0.75    0.85   -0.10 (VIOLATED)
_7844_/S                                0.75    0.85   -0.10 (VIOLATED)
_7848_/S                                0.75    0.85   -0.10 (VIOLATED)
_7842_/S                                0.75    0.85   -0.10 (VIOLATED)
_7850_/S                                0.75    0.85   -0.10 (VIOLATED)
_7852_/S                                0.75    0.85   -0.10 (VIOLATED)
_7860_/S                                0.75    0.85   -0.10 (VIOLATED)
_7858_/S                                0.75    0.85   -0.10 (VIOLATED)
_7854_/S                                0.75    0.85   -0.10 (VIOLATED)
_7856_/S                                0.75    0.85   -0.10 (VIOLATED)
_7240_/S                                0.75    0.85   -0.10 (VIOLATED)
_7841_/X                                0.75    0.85   -0.10 (VIOLATED)
_7238_/S                                0.75    0.85   -0.10 (VIOLATED)
_7242_/S                                0.75    0.85   -0.10 (VIOLATED)
_7244_/S                                0.75    0.85   -0.10 (VIOLATED)
_7234_/S                                0.75    0.85   -0.10 (VIOLATED)
_7236_/S                                0.75    0.85   -0.10 (VIOLATED)
_7226_/S                                0.75    0.85   -0.10 (VIOLATED)
_7232_/S                                0.75    0.85   -0.10 (VIOLATED)
_7230_/S                                0.75    0.85   -0.10 (VIOLATED)
_7228_/S                                0.75    0.85   -0.10 (VIOLATED)
_7225_/X                                0.75    0.85   -0.10 (VIOLATED)
_7651_/S                                0.75    0.85   -0.10 (VIOLATED)
_7649_/S                                0.75    0.85   -0.10 (VIOLATED)
_7653_/S                                0.75    0.85   -0.10 (VIOLATED)
_7655_/S                                0.75    0.85   -0.10 (VIOLATED)
_7645_/S                                0.75    0.85   -0.10 (VIOLATED)
_7647_/S                                0.75    0.85   -0.10 (VIOLATED)
_7637_/S                                0.75    0.85   -0.10 (VIOLATED)
_7643_/S                                0.75    0.85   -0.10 (VIOLATED)
_6349_/S                                0.75    0.85   -0.10 (VIOLATED)
_6346_/S                                0.75    0.85   -0.10 (VIOLATED)
_7641_/S                                0.75    0.85   -0.10 (VIOLATED)
_6352_/S                                0.75    0.85   -0.10 (VIOLATED)
_7639_/S                                0.75    0.85   -0.10 (VIOLATED)
_6343_/S                                0.75    0.85   -0.10 (VIOLATED)
_6355_/S                                0.75    0.85   -0.10 (VIOLATED)
_6358_/S                                0.75    0.85   -0.10 (VIOLATED)
_6370_/S                                0.75    0.85   -0.10 (VIOLATED)
_6367_/S                                0.75    0.85   -0.10 (VIOLATED)
_7636_/X                                0.75    0.85   -0.10 (VIOLATED)
_6361_/S                                0.75    0.84   -0.09 (VIOLATED)
_6364_/S                                0.75    0.84   -0.09 (VIOLATED)
_6342_/X                                0.75    0.84   -0.09 (VIOLATED)
_5033_/S0                               0.75    0.84   -0.09 (VIOLATED)
_5032_/S0                               0.75    0.84   -0.09 (VIOLATED)
_4940_/S0                               0.75    0.84   -0.09 (VIOLATED)
_4418_/S0                               0.75    0.84   -0.09 (VIOLATED)
_4939_/S0                               0.75    0.84   -0.09 (VIOLATED)
_4419_/S0                               0.75    0.84   -0.09 (VIOLATED)
_4262_/A                                0.75    0.84   -0.09 (VIOLATED)
_4397_/A                                0.75    0.84   -0.09 (VIOLATED)
_4935_/S0                               0.75    0.84   -0.09 (VIOLATED)
_4431_/S0                               0.75    0.84   -0.09 (VIOLATED)
_4261_/X                                0.75    0.84   -0.09 (VIOLATED)
_7056_/S                                0.75    0.84   -0.09 (VIOLATED)
_7052_/S                                0.75    0.84   -0.09 (VIOLATED)
_7050_/S                                0.75    0.84   -0.09 (VIOLATED)
_7046_/S                                0.75    0.84   -0.09 (VIOLATED)
_7048_/S                                0.75    0.84   -0.09 (VIOLATED)
_7042_/S                                0.75    0.84   -0.09 (VIOLATED)
_7044_/S                                0.75    0.84   -0.09 (VIOLATED)
_7058_/S                                0.75    0.84   -0.09 (VIOLATED)
_7060_/S                                0.75    0.84   -0.09 (VIOLATED)
_7054_/S                                0.75    0.84   -0.09 (VIOLATED)
_7041_/X                                0.75    0.84   -0.09 (VIOLATED)
_5082_/S0                               0.75    0.84   -0.09 (VIOLATED)
_5083_/S0                               0.75    0.84   -0.09 (VIOLATED)
_4888_/A                                0.75    0.84   -0.09 (VIOLATED)
_5085_/S0                               0.75    0.84   -0.09 (VIOLATED)
_5086_/S0                               0.75    0.84   -0.09 (VIOLATED)
_5179_/S0                               0.75    0.84   -0.09 (VIOLATED)
_5180_/S0                               0.75    0.84   -0.09 (VIOLATED)
_5167_/S0                               0.75    0.84   -0.09 (VIOLATED)
_4887_/X                                0.75    0.84   -0.09 (VIOLATED)
_5270_/S0                               0.75    0.84   -0.09 (VIOLATED)
_5271_/S0                               0.75    0.84   -0.09 (VIOLATED)
_7892_/S                                0.75    0.83   -0.08 (VIOLATED)
_7886_/S                                0.75    0.83   -0.08 (VIOLATED)
_7888_/S                                0.75    0.83   -0.08 (VIOLATED)
_7896_/S                                0.75    0.83   -0.08 (VIOLATED)
_7898_/S                                0.75    0.83   -0.08 (VIOLATED)
_7902_/S                                0.75    0.83   -0.08 (VIOLATED)
_7900_/S                                0.75    0.83   -0.08 (VIOLATED)
_7894_/S                                0.75    0.83   -0.08 (VIOLATED)
_7884_/S                                0.75    0.83   -0.08 (VIOLATED)
_7890_/S                                0.75    0.83   -0.08 (VIOLATED)
_7883_/X                                0.75    0.83   -0.08 (VIOLATED)
_5397_/S0                               0.75    0.83   -0.08 (VIOLATED)
_5395_/S0                               0.75    0.83   -0.08 (VIOLATED)
_5400_/S0                               0.75    0.83   -0.08 (VIOLATED)
_5399_/S0                               0.75    0.83   -0.08 (VIOLATED)
_5058_/A                                0.75    0.83   -0.08 (VIOLATED)
_5517_/S0                               0.75    0.83   -0.08 (VIOLATED)
_5516_/S0                               0.75    0.83   -0.08 (VIOLATED)
_5500_/S0                               0.75    0.83   -0.08 (VIOLATED)
_5499_/S0                               0.75    0.83   -0.08 (VIOLATED)
_5513_/S0                               0.75    0.83   -0.08 (VIOLATED)
_5057_/X                                0.75    0.83   -0.08 (VIOLATED)
_4988_/S0                               0.75    0.83   -0.08 (VIOLATED)
_4987_/S0                               0.75    0.83   -0.08 (VIOLATED)
_4990_/S0                               0.75    0.83   -0.08 (VIOLATED)
_4989_/S0                               0.75    0.83   -0.08 (VIOLATED)
_4951_/S0                               0.75    0.83   -0.08 (VIOLATED)
_4954_/S0                               0.75    0.83   -0.08 (VIOLATED)
_4879_/X                                0.75    0.83   -0.08 (VIOLATED)
_4881_/S0                               0.75    0.83   -0.08 (VIOLATED)
_4882_/S0                               0.75    0.83   -0.08 (VIOLATED)
_4884_/S0                               0.75    0.83   -0.08 (VIOLATED)
_4953_/S0                               0.75    0.83   -0.08 (VIOLATED)
_7515_/S                                0.75    0.83   -0.08 (VIOLATED)
_7513_/S                                0.75    0.83   -0.08 (VIOLATED)
_7517_/S                                0.75    0.83   -0.08 (VIOLATED)
_7519_/S                                0.75    0.83   -0.08 (VIOLATED)
_7509_/S                                0.75    0.83   -0.08 (VIOLATED)
_7511_/S                                0.75    0.83   -0.08 (VIOLATED)
_7501_/S                                0.75    0.83   -0.08 (VIOLATED)
_7507_/S                                0.75    0.83   -0.08 (VIOLATED)
_7503_/S                                0.75    0.83   -0.08 (VIOLATED)
_7505_/S                                0.75    0.83   -0.08 (VIOLATED)
_7500_/X                                0.75    0.83   -0.08 (VIOLATED)
_6417_/S                                0.75    0.83   -0.08 (VIOLATED)
_6426_/S                                0.75    0.83   -0.08 (VIOLATED)
_6423_/S                                0.75    0.83   -0.08 (VIOLATED)
_6432_/S                                0.75    0.83   -0.08 (VIOLATED)
_4999_/B1                               0.75    0.83   -0.08 (VIOLATED)
_4963_/B1                               0.75    0.83   -0.08 (VIOLATED)
_6429_/S                                0.75    0.83   -0.08 (VIOLATED)
_4982_/B1                               0.75    0.83   -0.08 (VIOLATED)
_6408_/S                                0.75    0.83   -0.08 (VIOLATED)
_6411_/S                                0.75    0.83   -0.08 (VIOLATED)
_6420_/S                                0.75    0.83   -0.08 (VIOLATED)
_6414_/S                                0.75    0.83   -0.08 (VIOLATED)
_6404_/X                                0.75    0.83   -0.08 (VIOLATED)
_6405_/S                                0.75    0.83   -0.08 (VIOLATED)
_5018_/C1                               0.75    0.83   -0.08 (VIOLATED)
_5137_/A1                               0.75    0.83   -0.08 (VIOLATED)
_5102_/A1                               0.75    0.83   -0.08 (VIOLATED)
_4926_/B1                               0.75    0.83   -0.08 (VIOLATED)
_4906_/B1                               0.75    0.83   -0.08 (VIOLATED)
_4856_/B1                               0.75    0.83   -0.08 (VIOLATED)
_4873_/B1                               0.75    0.83   -0.08 (VIOLATED)
_4855_/X                                0.75    0.83   -0.08 (VIOLATED)
_7276_/S                                0.75    0.83   -0.08 (VIOLATED)
_7280_/S                                0.75    0.83   -0.08 (VIOLATED)
_7282_/S                                0.75    0.83   -0.08 (VIOLATED)
_7286_/S                                0.75    0.83   -0.08 (VIOLATED)
_7284_/S                                0.75    0.83   -0.08 (VIOLATED)
_7278_/S                                0.75    0.83   -0.08 (VIOLATED)
_7270_/S                                0.75    0.83   -0.08 (VIOLATED)
_7272_/S                                0.75    0.83   -0.08 (VIOLATED)
_7274_/S                                0.75    0.83   -0.08 (VIOLATED)
_7267_/X                                0.75    0.83   -0.08 (VIOLATED)
_7268_/S                                0.75    0.83   -0.08 (VIOLATED)
_4496_/S0                               0.75    0.83   -0.08 (VIOLATED)
_4497_/S0                               0.75    0.83   -0.08 (VIOLATED)
_4491_/S0                               0.75    0.83   -0.08 (VIOLATED)
_4501_/S0                               0.75    0.83   -0.08 (VIOLATED)
_4500_/S0                               0.75    0.83   -0.08 (VIOLATED)
_4490_/S0                               0.75    0.83   -0.08 (VIOLATED)
_4488_/S0                               0.75    0.83   -0.08 (VIOLATED)
_4489_/S0                               0.75    0.83   -0.08 (VIOLATED)
_4485_/X                                0.75    0.83   -0.08 (VIOLATED)
_4670_/S0                               0.75    0.83   -0.08 (VIOLATED)
_4671_/S0                               0.75    0.83   -0.08 (VIOLATED)
_7827_/S                                0.75    0.82   -0.07 (VIOLATED)
_7833_/S                                0.75    0.82   -0.07 (VIOLATED)
_7831_/S                                0.75    0.82   -0.07 (VIOLATED)
_7829_/S                                0.75    0.82   -0.07 (VIOLATED)
_7823_/S                                0.75    0.82   -0.07 (VIOLATED)
_7817_/S                                0.75    0.82   -0.07 (VIOLATED)
_7825_/S                                0.75    0.82   -0.07 (VIOLATED)
_7819_/S                                0.75    0.82   -0.07 (VIOLATED)
_7821_/S                                0.75    0.82   -0.07 (VIOLATED)
_7814_/X                                0.75    0.82   -0.07 (VIOLATED)
_7815_/S                                0.75    0.82   -0.07 (VIOLATED)
_5127_/S0                               0.75    0.82   -0.07 (VIOLATED)
_5124_/S0                               0.75    0.82   -0.07 (VIOLATED)
_4656_/B2                               0.75    0.82   -0.07 (VIOLATED)
_5016_/S0                               0.75    0.82   -0.07 (VIOLATED)
_4889_/A                                0.75    0.82   -0.07 (VIOLATED)
_5015_/S0                               0.75    0.82   -0.07 (VIOLATED)
_4634_/S                                0.75    0.82   -0.07 (VIOLATED)
_4495_/A                                0.75    0.82   -0.07 (VIOLATED)
_4972_/S0                               0.75    0.82   -0.07 (VIOLATED)
_5005_/S0                               0.75    0.82   -0.07 (VIOLATED)
_5007_/S0                               0.75    0.82   -0.07 (VIOLATED)
_5008_/S0                               0.75    0.82   -0.07 (VIOLATED)
_5004_/S0                               0.75    0.82   -0.07 (VIOLATED)
_4888_/X                                0.75    0.82   -0.07 (VIOLATED)
_4593_/A1                               0.75    0.82   -0.07 (VIOLATED)
_4391_/B1                               0.75    0.82   -0.07 (VIOLATED)
_4407_/S                                0.75    0.82   -0.07 (VIOLATED)
_4369_/X                                0.75    0.82   -0.07 (VIOLATED)
_4371_/B2                               0.75    0.82   -0.07 (VIOLATED)
_4411_/B1                               0.75    0.82   -0.07 (VIOLATED)
_4743_/A1                               0.75    0.82   -0.07 (VIOLATED)
_4759_/B2                               0.75    0.82   -0.07 (VIOLATED)
_7623_/S                                0.75    0.82   -0.07 (VIOLATED)
_7619_/S                                0.75    0.82   -0.07 (VIOLATED)
_7625_/S                                0.75    0.82   -0.07 (VIOLATED)
_7621_/S                                0.75    0.82   -0.07 (VIOLATED)
_7617_/S                                0.75    0.82   -0.07 (VIOLATED)
_7613_/S                                0.75    0.82   -0.07 (VIOLATED)
_7615_/S                                0.75    0.82   -0.07 (VIOLATED)
_7611_/S                                0.75    0.82   -0.07 (VIOLATED)
_7627_/S                                0.75    0.82   -0.07 (VIOLATED)
_7629_/S                                0.75    0.82   -0.07 (VIOLATED)
_7610_/X                                0.75    0.82   -0.07 (VIOLATED)
_7344_/S                                0.75    0.82   -0.07 (VIOLATED)
_7354_/S                                0.75    0.82   -0.07 (VIOLATED)
_7338_/S                                0.75    0.82   -0.07 (VIOLATED)
_7352_/S                                0.75    0.82   -0.07 (VIOLATED)
_7348_/S                                0.75    0.82   -0.07 (VIOLATED)
_7350_/S                                0.75    0.82   -0.07 (VIOLATED)
_7340_/S                                0.75    0.82   -0.07 (VIOLATED)
_7346_/S                                0.75    0.82   -0.07 (VIOLATED)
_7342_/S                                0.75    0.82   -0.07 (VIOLATED)
_7336_/S                                0.75    0.82   -0.07 (VIOLATED)
_7335_/X                                0.75    0.82   -0.07 (VIOLATED)
_4666_/S0                               0.75    0.82   -0.07 (VIOLATED)
_4680_/S0                               0.75    0.82   -0.07 (VIOLATED)
_4667_/S0                               0.75    0.82   -0.07 (VIOLATED)
_4679_/S0                               0.75    0.82   -0.07 (VIOLATED)
_4682_/S0                               0.75    0.82   -0.07 (VIOLATED)
_4683_/S0                               0.75    0.82   -0.07 (VIOLATED)
_4664_/S0                               0.75    0.82   -0.07 (VIOLATED)
_4663_/S0                               0.75    0.82   -0.07 (VIOLATED)
_4661_/X                                0.75    0.82   -0.07 (VIOLATED)
_4762_/S0                               0.75    0.82   -0.07 (VIOLATED)
_4765_/S0                               0.75    0.82   -0.07 (VIOLATED)
_8332_/S                                0.75    0.82   -0.07 (VIOLATED)
_8330_/S                                0.75    0.82   -0.07 (VIOLATED)
_8328_/S                                0.75    0.82   -0.07 (VIOLATED)
_8334_/S                                0.75    0.82   -0.07 (VIOLATED)
_8326_/S                                0.75    0.82   -0.07 (VIOLATED)
_8318_/S                                0.75    0.82   -0.07 (VIOLATED)
_8320_/S                                0.75    0.82   -0.07 (VIOLATED)
_8322_/S                                0.75    0.82   -0.07 (VIOLATED)
_8324_/S                                0.75    0.82   -0.07 (VIOLATED)
_8336_/S                                0.75    0.82   -0.07 (VIOLATED)
_4577_/A1                               0.75    0.82   -0.07 (VIOLATED)
_4585_/S                                0.75    0.82   -0.07 (VIOLATED)
_4348_/B1                               0.75    0.82   -0.07 (VIOLATED)
_4369_/A                                0.75    0.82   -0.07 (VIOLATED)
_4726_/A1                               0.75    0.82   -0.07 (VIOLATED)
_4715_/B1                               0.75    0.82   -0.07 (VIOLATED)
_4625_/A1                               0.75    0.82   -0.07 (VIOLATED)
_8317_/X                                0.75    0.82   -0.07 (VIOLATED)
_4611_/A1                               0.75    0.82   -0.07 (VIOLATED)
_4421_/A                                0.75    0.82   -0.07 (VIOLATED)
_4321_/X                                0.75    0.82   -0.07 (VIOLATED)
_4322_/B2                               0.75    0.82   -0.07 (VIOLATED)
_4690_/S0                               0.75    0.81   -0.06 (VIOLATED)
_4691_/S0                               0.75    0.81   -0.06 (VIOLATED)
_4674_/S0                               0.75    0.81   -0.06 (VIOLATED)
_4675_/S0                               0.75    0.81   -0.06 (VIOLATED)
_4517_/S0                               0.75    0.81   -0.06 (VIOLATED)
_4518_/S0                               0.75    0.81   -0.06 (VIOLATED)
_4687_/S0                               0.75    0.81   -0.06 (VIOLATED)
_4686_/S0                               0.75    0.81   -0.06 (VIOLATED)
_4523_/S0                               0.75    0.81   -0.06 (VIOLATED)
_4522_/S0                               0.75    0.81   -0.06 (VIOLATED)
_4514_/X                                0.75    0.81   -0.06 (VIOLATED)
_4401_/S0                               0.75    0.81   -0.06 (VIOLATED)
_4404_/S0                               0.75    0.81   -0.06 (VIOLATED)
_4402_/S0                               0.75    0.81   -0.06 (VIOLATED)
_4405_/S0                               0.75    0.81   -0.06 (VIOLATED)
_4412_/S0                               0.75    0.81   -0.06 (VIOLATED)
_4413_/S0                               0.75    0.81   -0.06 (VIOLATED)
_4757_/S0                               0.75    0.81   -0.06 (VIOLATED)
_4756_/S0                               0.75    0.81   -0.06 (VIOLATED)
_4754_/S0                               0.75    0.81   -0.06 (VIOLATED)
_4398_/X                                0.75    0.81   -0.06 (VIOLATED)
_4752_/S0                               0.75    0.81   -0.06 (VIOLATED)
_8149_/S                                0.75    0.81   -0.06 (VIOLATED)
_8145_/S                                0.75    0.81   -0.06 (VIOLATED)
_8143_/S                                0.75    0.81   -0.06 (VIOLATED)
_8139_/S                                0.75    0.81   -0.06 (VIOLATED)
_8141_/S                                0.75    0.81   -0.06 (VIOLATED)
_8151_/S                                0.75    0.81   -0.06 (VIOLATED)
_8135_/S                                0.75    0.81   -0.06 (VIOLATED)
_8153_/S                                0.75    0.81   -0.06 (VIOLATED)
_8147_/S                                0.75    0.81   -0.06 (VIOLATED)
_8134_/X                                0.75    0.81   -0.06 (VIOLATED)
_8137_/S                                0.75    0.81   -0.06 (VIOLATED)
_4864_/S0                               0.75    0.81   -0.06 (VIOLATED)
_4861_/S0                               0.75    0.81   -0.06 (VIOLATED)
_4849_/S0                               0.75    0.81   -0.06 (VIOLATED)
_4850_/S0                               0.75    0.81   -0.06 (VIOLATED)
_4838_/X                                0.75    0.81   -0.06 (VIOLATED)
_4841_/S0                               0.75    0.81   -0.06 (VIOLATED)
_4842_/S0                               0.75    0.81   -0.06 (VIOLATED)
_4899_/S0                               0.75    0.81   -0.06 (VIOLATED)
_4900_/S0                               0.75    0.81   -0.06 (VIOLATED)
_4903_/S0                               0.75    0.81   -0.06 (VIOLATED)
_4904_/S0                               0.75    0.81   -0.06 (VIOLATED)
_5376_/S                                0.75    0.81   -0.06 (VIOLATED)
_5075_/A                                0.75    0.81   -0.06 (VIOLATED)
_5373_/S                                0.75    0.81   -0.06 (VIOLATED)
_5393_/S                                0.75    0.81   -0.06 (VIOLATED)
_5417_/S                                0.75    0.81   -0.06 (VIOLATED)
_5414_/S                                0.75    0.81   -0.06 (VIOLATED)
_5518_/S                                0.75    0.81   -0.06 (VIOLATED)
_5246_/S0                               0.75    0.81   -0.06 (VIOLATED)
_5490_/S                                0.75    0.81   -0.06 (VIOLATED)
_5493_/S                                0.75    0.81   -0.06 (VIOLATED)
_5074_/X                                0.75    0.81   -0.06 (VIOLATED)
_5276_/S                                0.75    0.81   -0.06 (VIOLATED)
_5077_/S                                0.75    0.81   -0.06 (VIOLATED)
_5087_/S                                0.75    0.81   -0.06 (VIOLATED)
_5109_/S                                0.75    0.81   -0.06 (VIOLATED)
_5112_/S                                0.75    0.81   -0.06 (VIOLATED)
_5173_/S                                0.75    0.81   -0.06 (VIOLATED)
_5182_/S0                               0.75    0.81   -0.06 (VIOLATED)
_5189_/S                                0.75    0.81   -0.06 (VIOLATED)
_5150_/A1                               0.75    0.81   -0.06 (VIOLATED)
_5146_/S0                               0.75    0.81   -0.06 (VIOLATED)
_5076_/X                                0.75    0.81   -0.06 (VIOLATED)
_6658_/S                                0.75    0.81   -0.06 (VIOLATED)
_6656_/S                                0.75    0.81   -0.06 (VIOLATED)
_6660_/S                                0.75    0.81   -0.06 (VIOLATED)
_6654_/S                                0.75    0.81   -0.06 (VIOLATED)
_6652_/S                                0.75    0.81   -0.06 (VIOLATED)
_6644_/S                                0.75    0.81   -0.06 (VIOLATED)
_6650_/S                                0.75    0.81   -0.06 (VIOLATED)
_6646_/S                                0.75    0.81   -0.06 (VIOLATED)
_6648_/S                                0.75    0.81   -0.06 (VIOLATED)
_6662_/S                                0.75    0.81   -0.06 (VIOLATED)
_6643_/X                                0.75    0.81   -0.06 (VIOLATED)
_5378_/S0                               0.75    0.81   -0.06 (VIOLATED)
_5379_/S0                               0.75    0.81   -0.06 (VIOLATED)
_5158_/A                                0.75    0.81   -0.06 (VIOLATED)
_4801_/A                                0.75    0.81   -0.06 (VIOLATED)
_5430_/S0                               0.75    0.81   -0.06 (VIOLATED)
_5433_/S0                               0.75    0.81   -0.06 (VIOLATED)
_5431_/S0                               0.75    0.81   -0.06 (VIOLATED)
_5434_/S0                               0.75    0.81   -0.06 (VIOLATED)
_4800_/X                                0.75    0.81   -0.06 (VIOLATED)
_5419_/S0                               0.75    0.81   -0.06 (VIOLATED)
_5420_/S0                               0.75    0.81   -0.06 (VIOLATED)
_8168_/S                                0.75    0.81   -0.06 (VIOLATED)
_8170_/S                                0.75    0.81   -0.06 (VIOLATED)
_8174_/S                                0.75    0.81   -0.06 (VIOLATED)
_8172_/S                                0.75    0.81   -0.06 (VIOLATED)
_8166_/S                                0.75    0.81   -0.06 (VIOLATED)
_8162_/S                                0.75    0.81   -0.06 (VIOLATED)
_8164_/S                                0.75    0.81   -0.06 (VIOLATED)
_8156_/S                                0.75    0.81   -0.06 (VIOLATED)
_8158_/S                                0.75    0.81   -0.06 (VIOLATED)
_8160_/S                                0.75    0.81   -0.06 (VIOLATED)
_8155_/X                                0.75    0.81   -0.06 (VIOLATED)
_6728_/S                                0.75    0.81   -0.06 (VIOLATED)
_6726_/S                                0.75    0.81   -0.06 (VIOLATED)
_6730_/S                                0.75    0.81   -0.06 (VIOLATED)
_6724_/S                                0.75    0.81   -0.06 (VIOLATED)
_6722_/S                                0.75    0.81   -0.06 (VIOLATED)
_6714_/S                                0.75    0.81   -0.06 (VIOLATED)
_6720_/S                                0.75    0.81   -0.06 (VIOLATED)
_6716_/S                                0.75    0.81   -0.06 (VIOLATED)
_6718_/S                                0.75    0.81   -0.06 (VIOLATED)
_6732_/S                                0.75    0.81   -0.06 (VIOLATED)
_6713_/X                                0.75    0.81   -0.06 (VIOLATED)
_4361_/S                                0.75    0.81   -0.06 (VIOLATED)
_4751_/S                                0.75    0.81   -0.06 (VIOLATED)
_4735_/S                                0.75    0.80   -0.05 (VIOLATED)
_4803_/A                                0.75    0.80   -0.05 (VIOLATED)
_5090_/S0                               0.75    0.80   -0.05 (VIOLATED)
_5092_/S0                               0.75    0.80   -0.05 (VIOLATED)
_5118_/S0                               0.75    0.80   -0.05 (VIOLATED)
_5282_/S0                               0.75    0.80   -0.05 (VIOLATED)
_5119_/S0                               0.75    0.80   -0.05 (VIOLATED)
_4802_/X                                0.75    0.80   -0.05 (VIOLATED)
_5129_/S0                               0.75    0.80   -0.05 (VIOLATED)
_5130_/S0                               0.75    0.80   -0.05 (VIOLATED)
_5286_/S0                               0.75    0.80   -0.05 (VIOLATED)
_5287_/S0                               0.75    0.80   -0.05 (VIOLATED)
_4338_/S                                0.75    0.80   -0.05 (VIOLATED)
_4709_/A1                               0.75    0.80   -0.05 (VIOLATED)
_4353_/B2                               0.75    0.80   -0.05 (VIOLATED)
_4722_/A                                0.75    0.80   -0.05 (VIOLATED)
_4559_/A1                               0.75    0.80   -0.05 (VIOLATED)
_4589_/A                                0.75    0.80   -0.05 (VIOLATED)
_4337_/X                                0.75    0.80   -0.05 (VIOLATED)
_4573_/A                                0.75    0.80   -0.05 (VIOLATED)
_5248_/S0                               0.75    0.80   -0.05 (VIOLATED)
_4800_/A                                0.75    0.80   -0.05 (VIOLATED)
_5252_/S0                               0.75    0.80   -0.05 (VIOLATED)
_5251_/S0                               0.75    0.80   -0.05 (VIOLATED)
_5491_/S0                               0.75    0.80   -0.05 (VIOLATED)
_5492_/S0                               0.75    0.80   -0.05 (VIOLATED)
_5508_/S0                               0.75    0.80   -0.05 (VIOLATED)
_5509_/S0                               0.75    0.80   -0.05 (VIOLATED)
_4799_/X                                0.75    0.80   -0.05 (VIOLATED)
_5505_/S0                               0.75    0.80   -0.05 (VIOLATED)
_5506_/S0                               0.75    0.80   -0.05 (VIOLATED)
_6562_/S                                0.75    0.80   -0.05 (VIOLATED)
_6564_/S                                0.75    0.80   -0.05 (VIOLATED)
_6568_/S                                0.75    0.80   -0.05 (VIOLATED)
_6566_/S                                0.75    0.80   -0.05 (VIOLATED)
_6560_/S                                0.75    0.80   -0.05 (VIOLATED)
_6556_/S                                0.75    0.80   -0.05 (VIOLATED)
_6550_/S                                0.75    0.80   -0.05 (VIOLATED)
_6558_/S                                0.75    0.80   -0.05 (VIOLATED)
_6552_/S                                0.75    0.80   -0.05 (VIOLATED)
_6554_/S                                0.75    0.80   -0.05 (VIOLATED)
_6549_/X                                0.75    0.80   -0.05 (VIOLATED)
_7536_/S                                0.75    0.80   -0.05 (VIOLATED)
_7532_/S                                0.75    0.80   -0.05 (VIOLATED)
_7530_/S                                0.75    0.80   -0.05 (VIOLATED)
_7526_/S                                0.75    0.80   -0.05 (VIOLATED)
_7528_/S                                0.75    0.80   -0.05 (VIOLATED)
_7538_/S                                0.75    0.80   -0.05 (VIOLATED)
_7540_/S                                0.75    0.80   -0.05 (VIOLATED)
_7534_/S                                0.75    0.80   -0.05 (VIOLATED)
_7522_/S                                0.75    0.80   -0.05 (VIOLATED)
_7521_/X                                0.75    0.80   -0.05 (VIOLATED)
_7524_/S                                0.75    0.80   -0.05 (VIOLATED)
_4922_/A                                0.75    0.80   -0.05 (VIOLATED)
_4918_/S                                0.75    0.80   -0.05 (VIOLATED)
_4902_/A                                0.75    0.80   -0.05 (VIOLATED)
_4844_/A                                0.75    0.80   -0.05 (VIOLATED)
_4869_/A                                0.75    0.80   -0.05 (VIOLATED)
_4831_/S                                0.75    0.80   -0.05 (VIOLATED)
_5117_/A                                0.75    0.80   -0.05 (VIOLATED)
_4959_/A                                0.75    0.80   -0.05 (VIOLATED)
_4995_/A                                0.75    0.80   -0.05 (VIOLATED)
_4830_/X                                0.75    0.80   -0.05 (VIOLATED)
_4982_/A1                               0.75    0.80   -0.05 (VIOLATED)
_7561_/S                                0.75    0.80   -0.05 (VIOLATED)
_7559_/S                                0.75    0.80   -0.05 (VIOLATED)
_7551_/S                                0.75    0.80   -0.05 (VIOLATED)
_7555_/S                                0.75    0.80   -0.05 (VIOLATED)
_7545_/S                                0.75    0.80   -0.05 (VIOLATED)
_7557_/S                                0.75    0.80   -0.05 (VIOLATED)
_7547_/S                                0.75    0.80   -0.05 (VIOLATED)
_7553_/S                                0.75    0.80   -0.05 (VIOLATED)
_7549_/S                                0.75    0.80   -0.05 (VIOLATED)
_7543_/S                                0.75    0.80   -0.05 (VIOLATED)
_7542_/X                                0.75    0.80   -0.05 (VIOLATED)
_8192_/S                                0.75    0.80   -0.05 (VIOLATED)
_8198_/S                                0.75    0.80   -0.05 (VIOLATED)
_8196_/S                                0.75    0.80   -0.05 (VIOLATED)
_8194_/S                                0.75    0.80   -0.05 (VIOLATED)
_8190_/S                                0.75    0.80   -0.05 (VIOLATED)
_8182_/S                                0.75    0.80   -0.05 (VIOLATED)
_8184_/S                                0.75    0.80   -0.05 (VIOLATED)
_8186_/S                                0.75    0.80   -0.05 (VIOLATED)
_8188_/S                                0.75    0.80   -0.05 (VIOLATED)
_6543_/S                                0.75    0.80   -0.05 (VIOLATED)
_6539_/S                                0.75    0.80   -0.05 (VIOLATED)
_6537_/S                                0.75    0.80   -0.05 (VIOLATED)
_8200_/S                                0.75    0.80   -0.05 (VIOLATED)
_6533_/S                                0.75    0.80   -0.05 (VIOLATED)
_6535_/S                                0.75    0.80   -0.05 (VIOLATED)
_6529_/S                                0.75    0.80   -0.05 (VIOLATED)
_6545_/S                                0.75    0.80   -0.05 (VIOLATED)
_6547_/S                                0.75    0.80   -0.05 (VIOLATED)
_6541_/S                                0.75    0.80   -0.05 (VIOLATED)
_6528_/X                                0.75    0.80   -0.05 (VIOLATED)
_6531_/S                                0.75    0.80   -0.05 (VIOLATED)
_8181_/X                                0.75    0.80   -0.05 (VIOLATED)
_4813_/S0                               0.75    0.80   -0.05 (VIOLATED)
_4863_/S0                               0.75    0.80   -0.05 (VIOLATED)
_4812_/S0                               0.75    0.80   -0.05 (VIOLATED)
_4870_/S0                               0.75    0.80   -0.05 (VIOLATED)
_4871_/S0                               0.75    0.80   -0.05 (VIOLATED)
_4866_/S0                               0.75    0.80   -0.05 (VIOLATED)
_4862_/S0                               0.75    0.80   -0.05 (VIOLATED)
_4819_/S0                               0.75    0.80   -0.05 (VIOLATED)
_4867_/S0                               0.75    0.80   -0.05 (VIOLATED)
_4818_/S0                               0.75    0.80   -0.05 (VIOLATED)
_4804_/X                                0.75    0.80   -0.05 (VIOLATED)
_7719_/S                                0.75    0.80   -0.05 (VIOLATED)
_7717_/S                                0.75    0.80   -0.05 (VIOLATED)
_7721_/S                                0.75    0.80   -0.05 (VIOLATED)
_7715_/S                                0.75    0.80   -0.05 (VIOLATED)
_7713_/S                                0.75    0.80   -0.05 (VIOLATED)
_7705_/S                                0.75    0.80   -0.05 (VIOLATED)
_7711_/S                                0.75    0.80   -0.05 (VIOLATED)
_7707_/S                                0.75    0.80   -0.05 (VIOLATED)
_7709_/S                                0.75    0.80   -0.05 (VIOLATED)
_7723_/S                                0.75    0.80   -0.05 (VIOLATED)
_4696_/S0                               0.75    0.80   -0.05 (VIOLATED)
_4345_/A                                0.75    0.80   -0.05 (VIOLATED)
_4698_/S0                               0.75    0.80   -0.05 (VIOLATED)
_4699_/S0                               0.75    0.80   -0.05 (VIOLATED)
_4695_/S0                               0.75    0.80   -0.05 (VIOLATED)
_4618_/S0                               0.75    0.80   -0.05 (VIOLATED)
_4619_/S0                               0.75    0.80   -0.05 (VIOLATED)
_4604_/S0                               0.75    0.80   -0.05 (VIOLATED)
_4605_/S0                               0.75    0.80   -0.05 (VIOLATED)
_4265_/S0                               0.75    0.80   -0.05 (VIOLATED)
_4262_/X                                0.75    0.80   -0.05 (VIOLATED)
_7704_/X                                0.75    0.80   -0.05 (VIOLATED)
_6586_/S                                0.75    0.80   -0.05 (VIOLATED)
_6590_/S                                0.75    0.80   -0.05 (VIOLATED)
_6592_/S                                0.75    0.80   -0.05 (VIOLATED)
_6588_/S                                0.75    0.80   -0.05 (VIOLATED)
_6584_/S                                0.75    0.80   -0.05 (VIOLATED)
_6576_/S                                0.75    0.80   -0.05 (VIOLATED)
_6578_/S                                0.75    0.80   -0.05 (VIOLATED)
_6580_/S                                0.75    0.80   -0.05 (VIOLATED)
_6582_/S                                0.75    0.80   -0.05 (VIOLATED)
_6594_/S                                0.75    0.80   -0.05 (VIOLATED)
_6575_/X                                0.75    0.80   -0.05 (VIOLATED)
_6327_/S                                0.75    0.80   -0.05 (VIOLATED)
_6323_/S                                0.75    0.80   -0.05 (VIOLATED)
_6329_/S                                0.75    0.80   -0.05 (VIOLATED)
_6315_/S                                0.75    0.80   -0.05 (VIOLATED)
_6318_/S                                0.75    0.80   -0.05 (VIOLATED)
_6325_/S                                0.75    0.80   -0.05 (VIOLATED)
_6321_/S                                0.75    0.80   -0.05 (VIOLATED)
_6312_/S                                0.75    0.80   -0.05 (VIOLATED)
_6331_/S                                0.75    0.80   -0.05 (VIOLATED)
_6333_/S                                0.75    0.80   -0.05 (VIOLATED)
_6311_/X                                0.75    0.80   -0.05 (VIOLATED)
_8400_/S                                0.75    0.80   -0.05 (VIOLATED)
_8398_/S                                0.75    0.80   -0.05 (VIOLATED)
_8402_/S                                0.75    0.80   -0.05 (VIOLATED)
_8396_/S                                0.75    0.80   -0.05 (VIOLATED)
_8394_/S                                0.75    0.80   -0.05 (VIOLATED)
_8386_/S                                0.75    0.80   -0.05 (VIOLATED)
_8388_/S                                0.75    0.80   -0.05 (VIOLATED)
_8392_/S                                0.75    0.80   -0.05 (VIOLATED)
_8390_/S                                0.75    0.80   -0.05 (VIOLATED)
_8404_/S                                0.75    0.80   -0.05 (VIOLATED)
_8385_/X                                0.75    0.80   -0.05 (VIOLATED)
_7075_/S                                0.75    0.80   -0.05 (VIOLATED)
_7077_/S                                0.75    0.80   -0.05 (VIOLATED)
_7081_/S                                0.75    0.80   -0.05 (VIOLATED)
_7073_/S                                0.75    0.80   -0.05 (VIOLATED)
_7079_/S                                0.75    0.80   -0.05 (VIOLATED)
_7069_/S                                0.75    0.80   -0.05 (VIOLATED)
_7071_/S                                0.75    0.80   -0.05 (VIOLATED)
_7063_/S                                0.75    0.80   -0.05 (VIOLATED)
_7065_/S                                0.75    0.80   -0.05 (VIOLATED)
_7067_/S                                0.75    0.80   -0.05 (VIOLATED)
_7062_/X                                0.75    0.80   -0.05 (VIOLATED)
_8096_/S                                0.75    0.80   -0.05 (VIOLATED)
_8090_/S                                0.75    0.80   -0.05 (VIOLATED)
_8100_/S                                0.75    0.80   -0.05 (VIOLATED)
_8102_/S                                0.75    0.80   -0.05 (VIOLATED)
_8106_/S                                0.75    0.80   -0.05 (VIOLATED)
_8104_/S                                0.75    0.80   -0.05 (VIOLATED)
_8092_/S                                0.75    0.80   -0.05 (VIOLATED)
_8098_/S                                0.75    0.80   -0.05 (VIOLATED)
_8094_/S                                0.75    0.80   -0.05 (VIOLATED)
_8087_/X                                0.75    0.80   -0.05 (VIOLATED)
_8088_/S                                0.75    0.80   -0.05 (VIOLATED)
_7687_/S                                0.75    0.79   -0.04 (VIOLATED)
_7681_/S                                0.75    0.79   -0.04 (VIOLATED)
_7697_/S                                0.75    0.79   -0.04 (VIOLATED)
_7691_/S                                0.75    0.79   -0.04 (VIOLATED)
_7695_/S                                0.75    0.79   -0.04 (VIOLATED)
_7693_/S                                0.75    0.79   -0.04 (VIOLATED)
_7683_/S                                0.75    0.79   -0.04 (VIOLATED)
_7689_/S                                0.75    0.79   -0.04 (VIOLATED)
_7685_/S                                0.75    0.79   -0.04 (VIOLATED)
_7678_/X                                0.75    0.79   -0.04 (VIOLATED)
_7679_/S                                0.75    0.79   -0.04 (VIOLATED)
_7139_/S                                0.75    0.79   -0.04 (VIOLATED)
_7143_/S                                0.75    0.79   -0.04 (VIOLATED)
_7145_/S                                0.75    0.79   -0.04 (VIOLATED)
_7141_/S                                0.75    0.79   -0.04 (VIOLATED)
_7133_/S                                0.75    0.79   -0.04 (VIOLATED)
_7137_/S                                0.75    0.79   -0.04 (VIOLATED)
_7135_/S                                0.75    0.79   -0.04 (VIOLATED)
_7131_/S                                0.75    0.79   -0.04 (VIOLATED)
_7130_/X                                0.75    0.79   -0.04 (VIOLATED)
_7147_/S                                0.75    0.79   -0.04 (VIOLATED)
_7149_/S                                0.75    0.79   -0.04 (VIOLATED)
_4913_/S0                               0.75    0.79   -0.04 (VIOLATED)
_4915_/S0                               0.75    0.79   -0.04 (VIOLATED)
_4916_/S0                               0.75    0.79   -0.04 (VIOLATED)
_4879_/A                                0.75    0.79   -0.04 (VIOLATED)
_4971_/S0                               0.75    0.79   -0.04 (VIOLATED)
_4968_/S0                               0.75    0.79   -0.04 (VIOLATED)
_4969_/S0                               0.75    0.79   -0.04 (VIOLATED)
_5011_/S0                               0.75    0.79   -0.04 (VIOLATED)
_5013_/S0                               0.75    0.79   -0.04 (VIOLATED)
_4803_/X                                0.75    0.79   -0.04 (VIOLATED)
_4804_/A                                0.75    0.79   -0.04 (VIOLATED)
_4644_/S0                               0.75    0.79   -0.04 (VIOLATED)
_4647_/S0                               0.75    0.79   -0.04 (VIOLATED)
_4510_/S0                               0.75    0.79   -0.04 (VIOLATED)
_4509_/S0                               0.75    0.79   -0.04 (VIOLATED)
_4646_/S0                               0.75    0.79   -0.04 (VIOLATED)
_4505_/S0                               0.75    0.79   -0.04 (VIOLATED)
_4506_/S0                               0.75    0.79   -0.04 (VIOLATED)
_4484_/X                                0.75    0.79   -0.04 (VIOLATED)
_4485_/A                                0.75    0.79   -0.04 (VIOLATED)
_4763_/S0                               0.75    0.79   -0.04 (VIOLATED)
_4764_/S0                               0.75    0.79   -0.04 (VIOLATED)
_7412_/S                                0.75    0.79   -0.04 (VIOLATED)
_7416_/S                                0.75    0.79   -0.04 (VIOLATED)
_7422_/S                                0.75    0.79   -0.04 (VIOLATED)
_7420_/S                                0.75    0.79   -0.04 (VIOLATED)
_7418_/S                                0.75    0.79   -0.04 (VIOLATED)
_7414_/S                                0.75    0.79   -0.04 (VIOLATED)
_7410_/S                                0.75    0.79   -0.04 (VIOLATED)
_7406_/S                                0.75    0.79   -0.04 (VIOLATED)
_7408_/S                                0.75    0.79   -0.04 (VIOLATED)
_7403_/X                                0.75    0.79   -0.04 (VIOLATED)
_7404_/S                                0.75    0.79   -0.04 (VIOLATED)
_7960_/S                                0.75    0.79   -0.04 (VIOLATED)
_7964_/S                                0.75    0.79   -0.04 (VIOLATED)
_7970_/S                                0.75    0.79   -0.04 (VIOLATED)
_7968_/S                                0.75    0.79   -0.04 (VIOLATED)
_7966_/S                                0.75    0.79   -0.04 (VIOLATED)
_7954_/S                                0.75    0.79   -0.04 (VIOLATED)
_7956_/S                                0.75    0.79   -0.04 (VIOLATED)
_7962_/S                                0.75    0.79   -0.04 (VIOLATED)
_7951_/X                                0.75    0.79   -0.04 (VIOLATED)
_7952_/S                                0.75    0.79   -0.04 (VIOLATED)
_7958_/S                                0.75    0.79   -0.04 (VIOLATED)
_7871_/S                                0.75    0.79   -0.04 (VIOLATED)
_7873_/S                                0.75    0.79   -0.04 (VIOLATED)
_7877_/S                                0.75    0.79   -0.04 (VIOLATED)
_7879_/S                                0.75    0.79   -0.04 (VIOLATED)
_7867_/S                                0.75    0.79   -0.04 (VIOLATED)
_7869_/S                                0.75    0.79   -0.04 (VIOLATED)
_7863_/S                                0.75    0.79   -0.04 (VIOLATED)
_7881_/S                                0.75    0.79   -0.04 (VIOLATED)
_7865_/S                                0.75    0.79   -0.04 (VIOLATED)
_7875_/S                                0.75    0.79   -0.04 (VIOLATED)
_7862_/X                                0.75    0.79   -0.04 (VIOLATED)
_5382_/S0                               0.75    0.79   -0.04 (VIOLATED)
_5383_/S0                               0.75    0.79   -0.04 (VIOLATED)
_5094_/A                                0.75    0.79   -0.04 (VIOLATED)
_4886_/A                                0.75    0.79   -0.04 (VIOLATED)
_5423_/S0                               0.75    0.79   -0.04 (VIOLATED)
_5424_/S0                               0.75    0.79   -0.04 (VIOLATED)
_5247_/S0                               0.75    0.79   -0.04 (VIOLATED)
_5496_/S0                               0.75    0.79   -0.04 (VIOLATED)
_5495_/S0                               0.75    0.79   -0.04 (VIOLATED)
_4885_/X                                0.75    0.79   -0.04 (VIOLATED)
_5512_/S0                               0.75    0.79   -0.04 (VIOLATED)
_7251_/S                                0.75    0.79   -0.04 (VIOLATED)
_7255_/S                                0.75    0.79   -0.04 (VIOLATED)
_7257_/S                                0.75    0.79   -0.04 (VIOLATED)
_7261_/S                                0.75    0.79   -0.04 (VIOLATED)
_7263_/S                                0.75    0.79   -0.04 (VIOLATED)
_7265_/S                                0.75    0.79   -0.04 (VIOLATED)
_7253_/S                                0.75    0.79   -0.04 (VIOLATED)
_7247_/S                                0.75    0.79   -0.04 (VIOLATED)
_7249_/S                                0.75    0.79   -0.04 (VIOLATED)
_7259_/S                                0.75    0.79   -0.04 (VIOLATED)
_7246_/X                                0.75    0.79   -0.04 (VIOLATED)
_7662_/S                                0.75    0.79   -0.04 (VIOLATED)
_7666_/S                                0.75    0.79   -0.04 (VIOLATED)
_7668_/S                                0.75    0.79   -0.04 (VIOLATED)
_7672_/S                                0.75    0.79   -0.04 (VIOLATED)
_7674_/S                                0.75    0.79   -0.04 (VIOLATED)
_7658_/S                                0.75    0.79   -0.04 (VIOLATED)
_7664_/S                                0.75    0.79   -0.04 (VIOLATED)
_7676_/S                                0.75    0.79   -0.04 (VIOLATED)
_7660_/S                                0.75    0.79   -0.04 (VIOLATED)
_7657_/X                                0.75    0.79   -0.04 (VIOLATED)
_7670_/S                                0.75    0.79   -0.04 (VIOLATED)
_8478_/S                                0.75    0.79   -0.04 (VIOLATED)
_8482_/S                                0.75    0.79   -0.04 (VIOLATED)
_8484_/S                                0.75    0.79   -0.04 (VIOLATED)
_8488_/S                                0.75    0.79   -0.04 (VIOLATED)
_8490_/S                                0.75    0.79   -0.04 (VIOLATED)
_8486_/S                                0.75    0.79   -0.04 (VIOLATED)
_8492_/S                                0.75    0.79   -0.04 (VIOLATED)
_8304_/S                                0.75    0.79   -0.04 (VIOLATED)
_8306_/S                                0.75    0.79   -0.04 (VIOLATED)
_8302_/S                                0.75    0.79   -0.04 (VIOLATED)
_8310_/S                                0.75    0.79   -0.04 (VIOLATED)
_8308_/S                                0.75    0.79   -0.04 (VIOLATED)
_8480_/S                                0.75    0.79   -0.04 (VIOLATED)
_8298_/S                                0.75    0.79   -0.04 (VIOLATED)
_8300_/S                                0.75    0.79   -0.04 (VIOLATED)
_8292_/S                                0.75    0.79   -0.04 (VIOLATED)
_8294_/S                                0.75    0.79   -0.04 (VIOLATED)
_8296_/S                                0.75    0.79   -0.04 (VIOLATED)
_8291_/X                                0.75    0.79   -0.04 (VIOLATED)
_8494_/S                                0.75    0.79   -0.04 (VIOLATED)
_8496_/S                                0.75    0.79   -0.04 (VIOLATED)
_8477_/X                                0.75    0.79   -0.04 (VIOLATED)
_4816_/A                                0.75    0.79   -0.04 (VIOLATED)
_5195_/S                                0.75    0.79   -0.04 (VIOLATED)
_5206_/S                                0.75    0.79   -0.04 (VIOLATED)
_5203_/A1                               0.75    0.79   -0.04 (VIOLATED)
_5363_/A1                               0.75    0.79   -0.04 (VIOLATED)
_5344_/A                                0.75    0.79   -0.04 (VIOLATED)
_5459_/A1                               0.75    0.79   -0.04 (VIOLATED)
_5049_/S                                0.75    0.79   -0.04 (VIOLATED)
_5325_/S                                0.75    0.79   -0.04 (VIOLATED)
_5476_/S                                0.75    0.79   -0.04 (VIOLATED)
_4815_/X                                0.75    0.79   -0.04 (VIOLATED)
_8028_/S                                0.75    0.79   -0.04 (VIOLATED)
_8032_/S                                0.75    0.79   -0.04 (VIOLATED)
_8038_/S                                0.75    0.79   -0.04 (VIOLATED)
_8036_/S                                0.75    0.79   -0.04 (VIOLATED)
_8034_/S                                0.75    0.79   -0.04 (VIOLATED)
_8030_/S                                0.75    0.79   -0.04 (VIOLATED)
_8026_/S                                0.75    0.79   -0.04 (VIOLATED)
_8022_/S                                0.75    0.79   -0.04 (VIOLATED)
_8024_/S                                0.75    0.79   -0.04 (VIOLATED)
_8019_/X                                0.75    0.79   -0.04 (VIOLATED)
_8020_/S                                0.75    0.79   -0.04 (VIOLATED)
_6881_/S                                0.75    0.79   -0.04 (VIOLATED)
_6887_/S                                0.75    0.79   -0.04 (VIOLATED)
_6883_/S                                0.75    0.79   -0.04 (VIOLATED)
_6889_/S                                0.75    0.79   -0.04 (VIOLATED)
_6885_/S                                0.75    0.79   -0.04 (VIOLATED)
_6891_/S                                0.75    0.79   -0.04 (VIOLATED)
_6877_/S                                0.75    0.79   -0.04 (VIOLATED)
_6879_/S                                0.75    0.79   -0.04 (VIOLATED)
_6872_/X                                0.75    0.79   -0.04 (VIOLATED)
_6873_/S                                0.75    0.79   -0.04 (VIOLATED)
_6875_/S                                0.75    0.79   -0.04 (VIOLATED)
_5377_/S                                0.75    0.79   -0.04 (VIOLATED)
_4846_/A                                0.75    0.79   -0.04 (VIOLATED)
_5418_/S                                0.75    0.79   -0.04 (VIOLATED)
_5246_/S1                               0.75    0.79   -0.04 (VIOLATED)
_5536_/A                                0.75    0.79   -0.04 (VIOLATED)
_5511_/S                                0.75    0.79   -0.04 (VIOLATED)
_5494_/S                                0.75    0.79   -0.04 (VIOLATED)
_5398_/B1                               0.75    0.79   -0.04 (VIOLATED)
_5055_/A                                0.75    0.79   -0.04 (VIOLATED)
_4845_/X                                0.75    0.79   -0.04 (VIOLATED)
_5254_/A1                               0.75    0.79   -0.04 (VIOLATED)
_4955_/S1                               0.75    0.78   -0.03 (VIOLATED)
_4974_/S                                0.75    0.78   -0.03 (VIOLATED)
_5010_/S                                0.75    0.78   -0.03 (VIOLATED)
_5018_/B2                               0.75    0.78   -0.03 (VIOLATED)
_5101_/B2                               0.75    0.78   -0.03 (VIOLATED)
_4848_/A                                0.75    0.78   -0.03 (VIOLATED)
_5136_/A1                               0.75    0.78   -0.03 (VIOLATED)
_5121_/A1                               0.75    0.78   -0.03 (VIOLATED)
_5273_/A                                0.75    0.78   -0.03 (VIOLATED)
_4847_/X                                0.75    0.78   -0.03 (VIOLATED)
_5289_/A                                0.75    0.78   -0.03 (VIOLATED)
_6812_/S                                0.75    0.78   -0.03 (VIOLATED)
_6818_/S                                0.75    0.78   -0.03 (VIOLATED)
_6820_/S                                0.75    0.78   -0.03 (VIOLATED)
_6814_/S                                0.75    0.78   -0.03 (VIOLATED)
_6816_/S                                0.75    0.78   -0.03 (VIOLATED)
_6822_/S                                0.75    0.78   -0.03 (VIOLATED)
_6808_/S                                0.75    0.78   -0.03 (VIOLATED)
_6806_/S                                0.75    0.78   -0.03 (VIOLATED)
_6810_/S                                0.75    0.78   -0.03 (VIOLATED)
_6803_/X                                0.75    0.78   -0.03 (VIOLATED)
_6804_/S                                0.75    0.78   -0.03 (VIOLATED)
_4826_/S                                0.75    0.78   -0.03 (VIOLATED)
_4865_/S0                               0.75    0.78   -0.03 (VIOLATED)
_4872_/S                                0.75    0.78   -0.03 (VIOLATED)
_4851_/S                                0.75    0.78   -0.03 (VIOLATED)
_4991_/S0                               0.75    0.78   -0.03 (VIOLATED)
_4905_/S                                0.75    0.78   -0.03 (VIOLATED)
_4897_/S                                0.75    0.78   -0.03 (VIOLATED)
_4955_/S0                               0.75    0.78   -0.03 (VIOLATED)
_4925_/S                                0.75    0.78   -0.03 (VIOLATED)
_4825_/X                                0.75    0.78   -0.03 (VIOLATED)
_4883_/S                                0.75    0.78   -0.03 (VIOLATED)
_7319_/S                                0.75    0.78   -0.03 (VIOLATED)
_7323_/S                                0.75    0.78   -0.03 (VIOLATED)
_7325_/S                                0.75    0.78   -0.03 (VIOLATED)
_7329_/S                                0.75    0.78   -0.03 (VIOLATED)
_7317_/S                                0.75    0.78   -0.03 (VIOLATED)
_7321_/S                                0.75    0.78   -0.03 (VIOLATED)
_7331_/S                                0.75    0.78   -0.03 (VIOLATED)
_7315_/S                                0.75    0.78   -0.03 (VIOLATED)
_7333_/S                                0.75    0.78   -0.03 (VIOLATED)
_7327_/S                                0.75    0.78   -0.03 (VIOLATED)
_7314_/X                                0.75    0.78   -0.03 (VIOLATED)
_4336_/S                                0.75    0.78   -0.03 (VIOLATED)
_4333_/S                                0.75    0.78   -0.03 (VIOLATED)
_4379_/A                                0.75    0.78   -0.03 (VIOLATED)
_4549_/S0                               0.75    0.78   -0.03 (VIOLATED)
_4556_/A                                0.75    0.78   -0.03 (VIOLATED)
_4715_/A1                               0.75    0.78   -0.03 (VIOLATED)
_4706_/A                                0.75    0.78   -0.03 (VIOLATED)
_4360_/S                                0.75    0.78   -0.03 (VIOLATED)
_4332_/X                                0.75    0.78   -0.03 (VIOLATED)
_4731_/S                                0.75    0.78   -0.03 (VIOLATED)
_4734_/S                                0.75    0.78   -0.03 (VIOLATED)
_4865_/S1                               0.75    0.78   -0.03 (VIOLATED)
_4873_/A1                               0.75    0.78   -0.03 (VIOLATED)
_4856_/A1                               0.75    0.78   -0.03 (VIOLATED)
_4898_/S                                0.75    0.78   -0.03 (VIOLATED)
_4926_/A1                               0.75    0.78   -0.03 (VIOLATED)
_4906_/A1                               0.75    0.78   -0.03 (VIOLATED)
_4978_/A                                0.75    0.78   -0.03 (VIOLATED)
_4848_/X                                0.75    0.78   -0.03 (VIOLATED)
_4963_/A1                               0.75    0.78   -0.03 (VIOLATED)
_4991_/S1                               0.75    0.78   -0.03 (VIOLATED)
_4999_/A1                               0.75    0.78   -0.03 (VIOLATED)
_7798_/S                                0.75    0.78   -0.03 (VIOLATED)
_7802_/S                                0.75    0.78   -0.03 (VIOLATED)
_7804_/S                                0.75    0.78   -0.03 (VIOLATED)
_7808_/S                                0.75    0.78   -0.03 (VIOLATED)
_7796_/S                                0.75    0.78   -0.03 (VIOLATED)
_7800_/S                                0.75    0.78   -0.03 (VIOLATED)
_7810_/S                                0.75    0.78   -0.03 (VIOLATED)
_7794_/S                                0.75    0.78   -0.03 (VIOLATED)
_7812_/S                                0.75    0.78   -0.03 (VIOLATED)
_7806_/S                                0.75    0.78   -0.03 (VIOLATED)
_7793_/X                                0.75    0.78   -0.03 (VIOLATED)
_7186_/S                                0.75    0.78   -0.03 (VIOLATED)
_7192_/S                                0.75    0.78   -0.03 (VIOLATED)
_7188_/S                                0.75    0.78   -0.03 (VIOLATED)
_7194_/S                                0.75    0.78   -0.03 (VIOLATED)
_7190_/S                                0.75    0.78   -0.03 (VIOLATED)
_7196_/S                                0.75    0.78   -0.03 (VIOLATED)
_7182_/S                                0.75    0.78   -0.03 (VIOLATED)
_7184_/S                                0.75    0.78   -0.03 (VIOLATED)
_7177_/X                                0.75    0.78   -0.03 (VIOLATED)
_7178_/S                                0.75    0.78   -0.03 (VIOLATED)
_7180_/S                                0.75    0.78   -0.03 (VIOLATED)
_8461_/S                                0.75    0.78   -0.03 (VIOLATED)
_8463_/S                                0.75    0.78   -0.03 (VIOLATED)
_8469_/S                                0.75    0.78   -0.03 (VIOLATED)
_8465_/S                                0.75    0.78   -0.03 (VIOLATED)
_8467_/S                                0.75    0.78   -0.03 (VIOLATED)
_8459_/S                                0.75    0.78   -0.03 (VIOLATED)
_8457_/S                                0.75    0.78   -0.03 (VIOLATED)
_8471_/S                                0.75    0.78   -0.03 (VIOLATED)
_8475_/S                                0.75    0.78   -0.03 (VIOLATED)
_8473_/S                                0.75    0.78   -0.03 (VIOLATED)
_8456_/X                                0.75    0.78   -0.03 (VIOLATED)
_8368_/S                                0.75    0.78   -0.03 (VIOLATED)
_8372_/S                                0.75    0.78   -0.03 (VIOLATED)
_8374_/S                                0.75    0.78   -0.03 (VIOLATED)
_8370_/S                                0.75    0.78   -0.03 (VIOLATED)
_8366_/S                                0.75    0.78   -0.03 (VIOLATED)
_8362_/S                                0.75    0.78   -0.03 (VIOLATED)
_8364_/S                                0.75    0.78   -0.03 (VIOLATED)
_8360_/S                                0.75    0.78   -0.03 (VIOLATED)
_8376_/S                                0.75    0.78   -0.03 (VIOLATED)
_8378_/S                                0.75    0.78   -0.03 (VIOLATED)
_8359_/X                                0.75    0.78   -0.03 (VIOLATED)
_8232_/S                                0.75    0.77   -0.02 (VIOLATED)
_8236_/S                                0.75    0.77   -0.02 (VIOLATED)
_8238_/S                                0.75    0.77   -0.02 (VIOLATED)
_8234_/S                                0.75    0.77   -0.02 (VIOLATED)
_8226_/S                                0.75    0.77   -0.02 (VIOLATED)
_8228_/S                                0.75    0.77   -0.02 (VIOLATED)
_8230_/S                                0.75    0.77   -0.02 (VIOLATED)
_8224_/S                                0.75    0.77   -0.02 (VIOLATED)
_8240_/S                                0.75    0.77   -0.02 (VIOLATED)
_8242_/S                                0.75    0.77   -0.02 (VIOLATED)
_8223_/X                                0.75    0.77   -0.02 (VIOLATED)
_5182_/S1                               0.75    0.77   -0.02 (VIOLATED)
_5166_/S                                0.75    0.77   -0.02 (VIOLATED)
_5150_/B1                               0.75    0.77   -0.02 (VIOLATED)
_5269_/S                                0.75    0.77   -0.02 (VIOLATED)
_5367_/B2                               0.75    0.77   -0.02 (VIOLATED)
_5359_/S                                0.75    0.77   -0.02 (VIOLATED)
_5342_/S                                0.75    0.77   -0.02 (VIOLATED)
_5455_/S                                0.75    0.77   -0.02 (VIOLATED)
_4847_/A                                0.75    0.77   -0.02 (VIOLATED)
_4846_/X                                0.75    0.77   -0.02 (VIOLATED)
_5313_/B2                               0.75    0.77   -0.02 (VIOLATED)
_4247_/S1                               0.75    0.77   -0.02 (VIOLATED)
_4241_/S1                               0.75    0.77   -0.02 (VIOLATED)
_4248_/S1                               0.75    0.77   -0.02 (VIOLATED)
_4242_/S1                               0.75    0.77   -0.02 (VIOLATED)
_4290_/S1                               0.75    0.77   -0.02 (VIOLATED)
_4291_/S1                               0.75    0.77   -0.02 (VIOLATED)
_4565_/S1                               0.75    0.77   -0.02 (VIOLATED)
_4569_/A                                0.75    0.77   -0.02 (VIOLATED)
_4329_/A                                0.75    0.77   -0.02 (VIOLATED)
_4458_/S1                               0.75    0.77   -0.02 (VIOLATED)
_4240_/X                                0.75    0.77   -0.02 (VIOLATED)
_4384_/A                                0.75    0.77   -0.02 (VIOLATED)
_4549_/S1                               0.75    0.77   -0.02 (VIOLATED)
_4365_/B1                               0.75    0.77   -0.02 (VIOLATED)
_4755_/B1                               0.75    0.77   -0.02 (VIOLATED)
_4701_/S                                0.75    0.77   -0.02 (VIOLATED)
_4718_/A1_N                             0.75    0.77   -0.02 (VIOLATED)
_4621_/A                                0.75    0.77   -0.02 (VIOLATED)
_4607_/A                                0.75    0.77   -0.02 (VIOLATED)
_4273_/X                                0.75    0.77   -0.02 (VIOLATED)
_4275_/B2                               0.75    0.77   -0.02 (VIOLATED)
_4300_/A1                               0.75    0.77   -0.02 (VIOLATED)
_5198_/S                                0.75    0.77   -0.02 (VIOLATED)
_5349_/S                                0.75    0.77   -0.02 (VIOLATED)
_5472_/S                                0.75    0.77   -0.02 (VIOLATED)
_5454_/S                                0.75    0.77   -0.02 (VIOLATED)
_5451_/S                                0.75    0.77   -0.02 (VIOLATED)
_5462_/S                                0.75    0.77   -0.02 (VIOLATED)
_5309_/A1                               0.75    0.77   -0.02 (VIOLATED)
_5329_/S                                0.75    0.77   -0.02 (VIOLATED)
_4822_/X                                0.75    0.77   -0.02 (VIOLATED)
_4823_/A                                0.75    0.77   -0.02 (VIOLATED)
_5052_/S                                0.75    0.77   -0.02 (VIOLATED)
_4339_/A                                0.75    0.77   -0.02 (VIOLATED)
_4713_/S                                0.75    0.77   -0.02 (VIOLATED)
_4624_/S                                0.75    0.77   -0.02 (VIOLATED)
_4610_/S                                0.75    0.77   -0.02 (VIOLATED)
_4246_/S                                0.75    0.77   -0.02 (VIOLATED)
_4249_/S                                0.75    0.77   -0.02 (VIOLATED)
_4566_/S                                0.75    0.77   -0.02 (VIOLATED)
_4313_/A                                0.75    0.77   -0.02 (VIOLATED)
_4563_/S                                0.75    0.77   -0.02 (VIOLATED)
_4584_/S                                0.75    0.77   -0.02 (VIOLATED)
_4245_/X                                0.75    0.77   -0.02 (VIOLATED)
_7755_/S                                0.75    0.77   -0.02 (VIOLATED)
_7759_/S                                0.75    0.77   -0.02 (VIOLATED)
_7761_/S                                0.75    0.77   -0.02 (VIOLATED)
_7757_/S                                0.75    0.77   -0.02 (VIOLATED)
_7753_/S                                0.75    0.77   -0.02 (VIOLATED)
_7749_/S                                0.75    0.77   -0.02 (VIOLATED)
_7751_/S                                0.75    0.77   -0.02 (VIOLATED)
_7747_/S                                0.75    0.77   -0.02 (VIOLATED)
_7763_/S                                0.75    0.77   -0.02 (VIOLATED)
_7765_/S                                0.75    0.77   -0.02 (VIOLATED)
_7746_/X                                0.75    0.77   -0.02 (VIOLATED)
_6981_/S                                0.75    0.76   -0.01 (VIOLATED)
_6984_/S                                0.75    0.76   -0.01 (VIOLATED)
_6975_/S                                0.75    0.76   -0.01 (VIOLATED)
_6972_/S                                0.75    0.76   -0.01 (VIOLATED)
_6978_/S                                0.75    0.76   -0.01 (VIOLATED)
_6966_/S                                0.75    0.76   -0.01 (VIOLATED)
_6630_/S                                0.75    0.76   -0.01 (VIOLATED)
_6626_/S                                0.75    0.76   -0.01 (VIOLATED)
_6987_/S                                0.75    0.76   -0.01 (VIOLATED)
_6632_/S                                0.75    0.76   -0.01 (VIOLATED)
_6622_/S                                0.75    0.76   -0.01 (VIOLATED)
_6618_/S                                0.75    0.76   -0.01 (VIOLATED)
_6620_/S                                0.75    0.76   -0.01 (VIOLATED)
_6969_/S                                0.75    0.76   -0.01 (VIOLATED)
_6628_/S                                0.75    0.76   -0.01 (VIOLATED)
_6624_/S                                0.75    0.76   -0.01 (VIOLATED)
_6959_/X                                0.75    0.76   -0.01 (VIOLATED)
_6960_/S                                0.75    0.76   -0.01 (VIOLATED)
_6963_/S                                0.75    0.76   -0.01 (VIOLATED)
_6634_/S                                0.75    0.76   -0.01 (VIOLATED)
_6617_/X                                0.75    0.76   -0.01 (VIOLATED)
_6636_/S                                0.75    0.76   -0.01 (VIOLATED)
_4994_/S                                0.75    0.76   -0.01 (VIOLATED)
_4958_/S                                0.75    0.76   -0.01 (VIOLATED)
_5135_/A1                               0.75    0.76   -0.01 (VIOLATED)
_5014_/A1                               0.75    0.76   -0.01 (VIOLATED)
_4921_/S                                0.75    0.76   -0.01 (VIOLATED)
_4901_/S                                0.75    0.76   -0.01 (VIOLATED)
_4914_/S                                0.75    0.76   -0.01 (VIOLATED)
_4843_/S                                0.75    0.76   -0.01 (VIOLATED)
_4868_/S                                0.75    0.76   -0.01 (VIOLATED)
_4816_/X                                0.75    0.76   -0.01 (VIOLATED)
_4817_/S                                0.75    0.76   -0.01 (VIOLATED)
_7939_/S                                0.75    0.76   -0.01 (VIOLATED)
_7935_/S                                0.75    0.76   -0.01 (VIOLATED)
_7937_/S                                0.75    0.76   -0.01 (VIOLATED)
_7931_/S                                0.75    0.76   -0.01 (VIOLATED)
_7941_/S                                0.75    0.76   -0.01 (VIOLATED)
_7945_/S                                0.75    0.76   -0.01 (VIOLATED)
_7933_/S                                0.75    0.76   -0.01 (VIOLATED)
_7947_/S                                0.75    0.76   -0.01 (VIOLATED)
_7949_/S                                0.75    0.76   -0.01 (VIOLATED)
_7943_/S                                0.75    0.76   -0.01 (VIOLATED)
_7930_/X                                0.75    0.76   -0.01 (VIOLATED)
_6739_/S                                0.75    0.76   -0.01 (VIOLATED)
_6743_/S                                0.75    0.76   -0.01 (VIOLATED)
_6741_/S                                0.75    0.76   -0.01 (VIOLATED)
_6737_/S                                0.75    0.76   -0.01 (VIOLATED)
_6745_/S                                0.75    0.76   -0.01 (VIOLATED)
_6749_/S                                0.75    0.76   -0.01 (VIOLATED)
_6735_/S                                0.75    0.76   -0.01 (VIOLATED)
_6751_/S                                0.75    0.76   -0.01 (VIOLATED)
_6747_/S                                0.75    0.76   -0.01 (VIOLATED)
_6734_/X                                0.75    0.76   -0.01 (VIOLATED)
_6753_/S                                0.75    0.76   -0.01 (VIOLATED)
_7387_/S                                0.75    0.76   -0.01 (VIOLATED)
_7391_/S                                0.75    0.76   -0.01 (VIOLATED)
_7393_/S                                0.75    0.76   -0.01 (VIOLATED)
_7397_/S                                0.75    0.76   -0.01 (VIOLATED)
_7385_/S                                0.75    0.76   -0.01 (VIOLATED)
_7399_/S                                0.75    0.76   -0.01 (VIOLATED)
_7389_/S                                0.75    0.76   -0.01 (VIOLATED)
_7383_/S                                0.75    0.76   -0.01 (VIOLATED)
_7401_/S                                0.75    0.76   -0.01 (VIOLATED)
_7395_/S                                0.75    0.76   -0.01 (VIOLATED)
_7382_/X                                0.75    0.76   -0.01 (VIOLATED)
_8071_/S                                0.75    0.76   -0.01 (VIOLATED)
_8075_/S                                0.75    0.76   -0.01 (VIOLATED)
_8067_/S                                0.75    0.76   -0.01 (VIOLATED)
_8073_/S                                0.75    0.76   -0.01 (VIOLATED)
_8077_/S                                0.75    0.76   -0.01 (VIOLATED)
_8081_/S                                0.75    0.76   -0.01 (VIOLATED)
_8069_/S                                0.75    0.76   -0.01 (VIOLATED)
_8083_/S                                0.75    0.76   -0.01 (VIOLATED)
_8085_/S                                0.75    0.76   -0.01 (VIOLATED)
_8066_/X                                0.75    0.76   -0.01 (VIOLATED)
_8079_/S                                0.75    0.76   -0.01 (VIOLATED)
_6764_/S                                0.75    0.76   -0.01 (VIOLATED)
_6768_/S                                0.75    0.76   -0.01 (VIOLATED)
_6770_/S                                0.75    0.76   -0.01 (VIOLATED)
_6760_/S                                0.75    0.76   -0.01 (VIOLATED)
_6766_/S                                0.75    0.76   -0.01 (VIOLATED)
_6756_/S                                0.75    0.76   -0.01 (VIOLATED)
_6758_/S                                0.75    0.76   -0.01 (VIOLATED)
_6762_/S                                0.75    0.76   -0.01 (VIOLATED)
_6772_/S                                0.75    0.76   -0.01 (VIOLATED)
_6774_/S                                0.75    0.76   -0.01 (VIOLATED)
_6755_/X                                0.75    0.76   -0.01 (VIOLATED)
_8207_/S                                0.75    0.76   -0.01 (VIOLATED)
_8213_/S                                0.75    0.76   -0.01 (VIOLATED)
_8217_/S                                0.75    0.76   -0.01 (VIOLATED)
_8211_/S                                0.75    0.76   -0.01 (VIOLATED)
_8219_/S                                0.75    0.76   -0.01 (VIOLATED)
_8209_/S                                0.75    0.76   -0.01 (VIOLATED)
_8205_/S                                0.75    0.76   -0.01 (VIOLATED)
_8215_/S                                0.75    0.76   -0.01 (VIOLATED)
_8203_/S                                0.75    0.76   -0.01 (VIOLATED)
_8221_/S                                0.75    0.76   -0.01 (VIOLATED)
_8202_/X                                0.75    0.76   -0.01 (VIOLATED)
_4551_/S1                               0.75    0.76   -0.01 (VIOLATED)
_4550_/S1                               0.75    0.76   -0.01 (VIOLATED)
_4575_/S1                               0.75    0.76   -0.01 (VIOLATED)
_4400_/A                                0.75    0.76   -0.01 (VIOLATED)
_4703_/S1                               0.75    0.76   -0.01 (VIOLATED)
_4615_/S1                               0.75    0.76   -0.01 (VIOLATED)
_4702_/S1                               0.75    0.76   -0.01 (VIOLATED)
_4616_/S1                               0.75    0.76   -0.01 (VIOLATED)
_4613_/S1                               0.75    0.76   -0.01 (VIOLATED)
_4614_/S1                               0.75    0.76   -0.01 (VIOLATED)
_4399_/X                                0.75    0.76   -0.01 (VIOLATED)
_5025_/S0                               0.75    0.76   -0.01 (VIOLATED)
_5024_/S0                               0.75    0.76   -0.01 (VIOLATED)
_5036_/S0                               0.75    0.76   -0.01 (VIOLATED)
_5037_/S0                               0.75    0.76   -0.01 (VIOLATED)
_5224_/S0                               0.75    0.76   -0.01 (VIOLATED)
_5225_/S0                               0.75    0.76   -0.01 (VIOLATED)
_4444_/S0                               0.75    0.76   -0.01 (VIOLATED)
_4254_/X                                0.75    0.76   -0.01 (VIOLATED)
_4255_/A                                0.75    0.76   -0.01 (VIOLATED)
_4293_/A                                0.75    0.76   -0.01 (VIOLATED)
_4462_/S0                               0.75    0.76   -0.01 (VIOLATED)
_6669_/S                                0.75    0.76   -0.01 (VIOLATED)
_6673_/S                                0.75    0.76   -0.01 (VIOLATED)
_6671_/S                                0.75    0.76   -0.01 (VIOLATED)
_6667_/S                                0.75    0.76   -0.01 (VIOLATED)
_6675_/S                                0.75    0.76   -0.01 (VIOLATED)
_6665_/S                                0.75    0.76   -0.01 (VIOLATED)
_6679_/S                                0.75    0.76   -0.01 (VIOLATED)
_6681_/S                                0.75    0.76   -0.01 (VIOLATED)
_6677_/S                                0.75    0.76   -0.01 (VIOLATED)
_6664_/X                                0.75    0.76   -0.01 (VIOLATED)
_6683_/S                                0.75    0.76   -0.01 (VIOLATED)
_8436_/S                                0.75    0.76   -0.01 (VIOLATED)
_8440_/S                                0.75    0.76   -0.01 (VIOLATED)
_8442_/S                                0.75    0.76   -0.01 (VIOLATED)
_8438_/S                                0.75    0.76   -0.01 (VIOLATED)
_8432_/S                                0.75    0.76   -0.01 (VIOLATED)
_8430_/S                                0.75    0.76   -0.01 (VIOLATED)
_8428_/S                                0.75    0.76   -0.01 (VIOLATED)
_8434_/S                                0.75    0.76   -0.01 (VIOLATED)
_8444_/S                                0.75    0.76   -0.01 (VIOLATED)
_8446_/S                                0.75    0.76   -0.01 (VIOLATED)
_8427_/X                                0.75    0.76   -0.01 (VIOLATED)
_5079_/A1_N                             0.75    0.76   -0.01 (VIOLATED)
_5294_/A1_N                             0.75    0.76   -0.01 (VIOLATED)
_5121_/B1                               0.75    0.76   -0.01 (VIOLATED)
_5278_/A1_N                             0.75    0.76   -0.01 (VIOLATED)
_4855_/A                                0.75    0.76   -0.01 (VIOLATED)
_5175_/A1_N                             0.75    0.76   -0.01 (VIOLATED)
_5482_/A1_N                             0.75    0.76   -0.01 (VIOLATED)
_5464_/A1                               0.75    0.76   -0.01 (VIOLATED)
_4854_/X                                0.75    0.76   -0.01 (VIOLATED)
_5156_/A1                               0.75    0.76   -0.01 (VIOLATED)
_5208_/A1                               0.75    0.76   -0.01 (VIOLATED)
_4253_/A                                0.75    0.75   -0.00 (VIOLATED)
_4420_/S                                0.75    0.75   -0.00 (VIOLATED)
_4475_/A                                0.75    0.75   -0.00 (VIOLATED)
_4460_/A                                0.75    0.75   -0.00 (VIOLATED)
_4443_/A                                0.75    0.75   -0.00 (VIOLATED)
_4310_/S0                               0.75    0.75   -0.00 (VIOLATED)
_4937_/S                                0.75    0.75   -0.00 (VIOLATED)
_5034_/S                                0.75    0.75   -0.00 (VIOLATED)
_4941_/S                                0.75    0.75   -0.00 (VIOLATED)
_4252_/X                                0.75    0.75   -0.00 (VIOLATED)
_5030_/S                                0.75    0.75   -0.00 (VIOLATED)
_6380_/S                                0.75    0.75   -0.00 (VIOLATED)
_6386_/S                                0.75    0.75   -0.00 (VIOLATED)
_6389_/S                                0.75    0.75   -0.00 (VIOLATED)
_6395_/S                                0.75    0.75   -0.00 (VIOLATED)
_6398_/S                                0.75    0.75   -0.00 (VIOLATED)
_6401_/S                                0.75    0.75   -0.00 (VIOLATED)
_6374_/S                                0.75    0.75   -0.00 (VIOLATED)
_6383_/S                                0.75    0.75   -0.00 (VIOLATED)
_6377_/S                                0.75    0.75   -0.00 (VIOLATED)
_6392_/S                                0.75    0.75   -0.00 (VIOLATED)
_6373_/X                                0.75    0.75   -0.00 (VIOLATED)
_7456_/S                                0.75    0.75   -0.00 (VIOLATED)
_7460_/S                                0.75    0.75   -0.00 (VIOLATED)
_7462_/S                                0.75    0.75   -0.00 (VIOLATED)
_7466_/S                                0.75    0.75   -0.00 (VIOLATED)
_7454_/S                                0.75    0.75   -0.00 (VIOLATED)
_7458_/S                                0.75    0.75   -0.00 (VIOLATED)
_7468_/S                                0.75    0.75   -0.00 (VIOLATED)
_7452_/S                                0.75    0.75   -0.00 (VIOLATED)
_7470_/S                                0.75    0.75   -0.00 (VIOLATED)
_7464_/S                                0.75    0.75   -0.00 (VIOLATED)
_7451_/X                                0.75    0.75   -0.00 (VIOLATED)


max slew violations count Typical: 1705
max fanout violations count Typical: 0
max cap violations count Typical: 0

===========================================================================
report_parasitic_annotation -report_unannotated
============================================================================
Found 1 unannotated drivers.
 CLK
Found 0 partially unannotated drivers.

===========================================================================
max slew violation count 1705
max fanout violation count 0
max cap violation count 0
============================================================================

===========================================================================
check_setup -verbose -unconstrained_endpoints -multiple_clock -no_clock -no_input_delay -loops -generated_clocks
===========================================================================
